ПЕРИОД_ОД,ПЕРИОД_ДО,ОПШТИНА_ГРАД,ВРСТА_ПРОМЕНЕ,БРОЈ_ПРОМЕНА
20.04.2026,26.04.2026,АДА,Упис по основу стицања пунолетства,1
20.04.2026,26.04.2026,АДА,Упис по основу пријаве пребивалишта,2
20.04.2026,26.04.2026,АДА,Промена адресе пребивалишта,4
20.04.2026,26.04.2026,АДА,Брисање по основу одјаве пребивалишта,2
20.04.2026,26.04.2026,АДА,Брисање по основу смрти лица,10
20.04.2026,26.04.2026,АДА,Брисање по службеној дужности,1
20.04.2026,26.04.2026,АЛЕКСАНДРОВАЦ,Упис по основу стицања пунолетства,5
20.04.2026,26.04.2026,АЛЕКСАНДРОВАЦ,Упис по основу пријаве пребивалишта,2
20.04.2026,26.04.2026,АЛЕКСАНДРОВАЦ,Промена личних података,2
20.04.2026,26.04.2026,АЛЕКСАНДРОВАЦ,Промена адресе пребивалишта,9
20.04.2026,26.04.2026,АЛЕКСАНДРОВАЦ,Брисање по основу одјаве пребивалишта,1
20.04.2026,26.04.2026,АЛЕКСАНДРОВАЦ,Брисање по основу смрти лица,4
20.04.2026,26.04.2026,АЛЕКСАНДРОВАЦ,Брисање по службеној дужности,2
20.04.2026,26.04.2026,АЛЕКСАНДРОВАЦ,Упис по основу последњег пребивалишта,1
20.04.2026,26.04.2026,АЛЕКСИНАЦ,Упис по основу стицања пунолетства,9
20.04.2026,26.04.2026,АЛЕКСИНАЦ,Упис по основу пријаве пребивалишта,9
20.04.2026,26.04.2026,АЛЕКСИНАЦ,Промена личних података,10
20.04.2026,26.04.2026,АЛЕКСИНАЦ,Промена адресе пребивалишта,67
20.04.2026,26.04.2026,АЛЕКСИНАЦ,Брисање по основу одјаве пребивалишта,5
20.04.2026,26.04.2026,АЛЕКСИНАЦ,Брисање по основу смрти лица,15
20.04.2026,26.04.2026,АЛИБУНАР,Упис по основу стицања пунолетства,2
20.04.2026,26.04.2026,АЛИБУНАР,Упис по основу пријаве пребивалишта,4
20.04.2026,26.04.2026,АЛИБУНАР,Промена личних података,2
20.04.2026,26.04.2026,АЛИБУНАР,Промена адресе пребивалишта,7
20.04.2026,26.04.2026,АЛИБУНАР,Брисање по основу одјаве пребивалишта,7
20.04.2026,26.04.2026,АЛИБУНАР,Брисање по основу смрти лица,3
20.04.2026,26.04.2026,АЛИБУНАР,Исправка техничке грешке,1
20.04.2026,26.04.2026,АПАТИН,Упис по основу стицања пунолетства,2
20.04.2026,26.04.2026,АПАТИН,Упис по основу пријаве пребивалишта,3
20.04.2026,26.04.2026,АПАТИН,Промена личних података,4
20.04.2026,26.04.2026,АПАТИН,Промена адресе пребивалишта,7
20.04.2026,26.04.2026,АПАТИН,Брисање по основу одјаве пребивалишта,4
20.04.2026,26.04.2026,АПАТИН,Брисање по основу смрти лица,9
20.04.2026,26.04.2026,АРАНЂЕЛОВАЦ,Упис по основу стицања пунолетства,6
20.04.2026,26.04.2026,АРАНЂЕЛОВАЦ,Упис по основу пријаве пребивалишта,15
20.04.2026,26.04.2026,АРАНЂЕЛОВАЦ,Промена личних података,10
20.04.2026,26.04.2026,АРАНЂЕЛОВАЦ,Промена адресе пребивалишта,25
20.04.2026,26.04.2026,АРАНЂЕЛОВАЦ,Брисање по основу одјаве пребивалишта,8
20.04.2026,26.04.2026,АРАНЂЕЛОВАЦ,Брисање по основу смрти лица,5
20.04.2026,26.04.2026,АРИЉЕ,Упис по основу стицања пунолетства,6
20.04.2026,26.04.2026,АРИЉЕ,Упис по основу пријаве пребивалишта,2
20.04.2026,26.04.2026,АРИЉЕ,Промена личних података,1
20.04.2026,26.04.2026,АРИЉЕ,Промена адресе пребивалишта,43
20.04.2026,26.04.2026,АРИЉЕ,Брисање по основу одјаве пребивалишта,1
20.04.2026,26.04.2026,АРИЉЕ,Брисање по основу смрти лица,2
20.04.2026,26.04.2026,БАБУШНИЦА,Упис по основу стицања пунолетства,1
20.04.2026,26.04.2026,БАБУШНИЦА,Упис по основу пријаве пребивалишта,3
20.04.2026,26.04.2026,БАБУШНИЦА,Промена личних података,3
20.04.2026,26.04.2026,БАБУШНИЦА,Промена адресе пребивалишта,7
20.04.2026,26.04.2026,БАБУШНИЦА,Брисање по основу одјаве пребивалишта,2
20.04.2026,26.04.2026,БАБУШНИЦА,Брисање по основу смрти лица,8
20.04.2026,26.04.2026,БАЈИНА БАШТА,Промена личних података,5
20.04.2026,26.04.2026,БАЈИНА БАШТА,Промена адресе пребивалишта,20
20.04.2026,26.04.2026,БАЈИНА БАШТА,Брисање по основу одјаве пребивалишта,3
20.04.2026,26.04.2026,БАЈИНА БАШТА,Брисање по основу смрти лица,4
20.04.2026,26.04.2026,БАТОЧИНА,Упис по основу стицања пунолетства,1
20.04.2026,26.04.2026,БАТОЧИНА,Упис по основу пријаве пребивалишта,5
20.04.2026,26.04.2026,БАТОЧИНА,Промена личних података,1
20.04.2026,26.04.2026,БАТОЧИНА,Промена адресе пребивалишта,16
20.04.2026,26.04.2026,БАТОЧИНА,Брисање по основу смрти лица,2
20.04.2026,26.04.2026,БАЧ,Упис по основу стицања пунолетства,2
20.04.2026,26.04.2026,БАЧ,Упис по основу пријаве пребивалишта,2
20.04.2026,26.04.2026,БАЧ,Промена личних података,1
20.04.2026,26.04.2026,БАЧ,Промена адресе пребивалишта,9
20.04.2026,26.04.2026,БАЧ,Брисање по основу одјаве пребивалишта,4
20.04.2026,26.04.2026,БАЧ,Брисање по основу смрти лица,2
20.04.2026,26.04.2026,БАЧКА ПАЛАНКА,Упис по основу стицања пунолетства,12
20.04.2026,26.04.2026,БАЧКА ПАЛАНКА,Упис по основу пријаве пребивалишта,12
20.04.2026,26.04.2026,БАЧКА ПАЛАНКА,Промена личних података,3
20.04.2026,26.04.2026,БАЧКА ПАЛАНКА,Промена адресе пребивалишта,22
20.04.2026,26.04.2026,БАЧКА ПАЛАНКА,Брисање по основу одјаве пребивалишта,7
20.04.2026,26.04.2026,БАЧКА ПАЛАНКА,Брисање по основу смрти лица,16
20.04.2026,26.04.2026,БАЧКА ПАЛАНКА,Брисање по службеној дужности,4
20.04.2026,26.04.2026,БАЧКА ТОПОЛА,Упис по основу стицања пунолетства,4
20.04.2026,26.04.2026,БАЧКА ТОПОЛА,Упис по основу пријаве пребивалишта,8
20.04.2026,26.04.2026,БАЧКА ТОПОЛА,Промена личних података,6
20.04.2026,26.04.2026,БАЧКА ТОПОЛА,Промена адресе пребивалишта,9
20.04.2026,26.04.2026,БАЧКА ТОПОЛА,Брисање по основу одјаве пребивалишта,6
20.04.2026,26.04.2026,БАЧКА ТОПОЛА,Брисање по основу смрти лица,13
20.04.2026,26.04.2026,БАЧКИ ПЕТРОВАЦ,Упис по основу стицања пунолетства,1
20.04.2026,26.04.2026,БАЧКИ ПЕТРОВАЦ,Упис по основу пријаве пребивалишта,1
20.04.2026,26.04.2026,БАЧКИ ПЕТРОВАЦ,Промена личних података,1
20.04.2026,26.04.2026,БАЧКИ ПЕТРОВАЦ,Брисање по основу одјаве пребивалишта,4
20.04.2026,26.04.2026,БАЧКИ ПЕТРОВАЦ,Брисање по основу смрти лица,4
20.04.2026,26.04.2026,БЕЛА ПАЛАНКА,Упис по основу пријаве пребивалишта,2
20.04.2026,26.04.2026,БЕЛА ПАЛАНКА,Промена личних података,1
20.04.2026,26.04.2026,БЕЛА ПАЛАНКА,Промена адресе пребивалишта,8
20.04.2026,26.04.2026,БЕЛА ПАЛАНКА,Брисање по основу одјаве пребивалишта,4
20.04.2026,26.04.2026,БЕЛА ПАЛАНКА,Брисање по основу смрти лица,6
20.04.2026,26.04.2026,БЕЛА ЦРКВА,Упис по основу стицања пунолетства,1
20.04.2026,26.04.2026,БЕЛА ЦРКВА,Упис по основу пријаве пребивалишта,2
20.04.2026,26.04.2026,БЕЛА ЦРКВА,Промена личних података,1
20.04.2026,26.04.2026,БЕЛА ЦРКВА,Промена адресе пребивалишта,2
20.04.2026,26.04.2026,БЕЛА ЦРКВА,Брисање по основу одјаве пребивалишта,4
20.04.2026,26.04.2026,БЕЛА ЦРКВА,Брисање по основу смрти лица,5
20.04.2026,26.04.2026,БЕОГРАД-БАРАЈЕВО,Упис по основу стицања пунолетства,8
20.04.2026,26.04.2026,БЕОГРАД-БАРАЈЕВО,Упис по основу пријаве пребивалишта,23
20.04.2026,26.04.2026,БЕОГРАД-БАРАЈЕВО,Упис по основу пријаве боравишта интерно расељеног лица,1
20.04.2026,26.04.2026,БЕОГРАД-БАРАЈЕВО,Промена личних података,6
20.04.2026,26.04.2026,БЕОГРАД-БАРАЈЕВО,Промена адресе пребивалишта,26
20.04.2026,26.04.2026,БЕОГРАД-БАРАЈЕВО,Брисање по основу одјаве пребивалишта,11
20.04.2026,26.04.2026,БЕОГРАД-БАРАЈЕВО,Брисање по основу смрти лица,4
20.04.2026,26.04.2026,БЕОГРАД-ВОЖДОВАЦ,Упис по основу стицања пунолетства,30
20.04.2026,26.04.2026,БЕОГРАД-ВОЖДОВАЦ,Упис по основу пријаве пребивалишта,100
20.04.2026,26.04.2026,БЕОГРАД-ВОЖДОВАЦ,Упис по основу пријаве боравишта интерно расељеног лица,1
20.04.2026,26.04.2026,БЕОГРАД-ВОЖДОВАЦ,Промена личних података,53
20.04.2026,26.04.2026,БЕОГРАД-ВОЖДОВАЦ,Промена адресе пребивалишта,62
20.04.2026,26.04.2026,БЕОГРАД-ВОЖДОВАЦ,Промена адресе боравишта интерно расељеног лица,1
20.04.2026,26.04.2026,БЕОГРАД-ВОЖДОВАЦ,Брисање по основу одјаве пребивалишта,55
20.04.2026,26.04.2026,БЕОГРАД-ВОЖДОВАЦ,Брисање по основу смрти лица,23
20.04.2026,26.04.2026,БЕОГРАД-ВОЖДОВАЦ,Брисање боравишта интерно расељеног лица,1
20.04.2026,26.04.2026,БЕОГРАД-ВОЖДОВАЦ,Брисање по службеној дужности,11
20.04.2026,26.04.2026,БЕОГРАД-ВРАЧАР,Упис по основу стицања пунолетства,20
20.04.2026,26.04.2026,БЕОГРАД-ВРАЧАР,Упис по основу пријаве пребивалишта,59
20.04.2026,26.04.2026,БЕОГРАД-ВРАЧАР,Упис по основу пријаве боравишта интерно расељеног лица,1
20.04.2026,26.04.2026,БЕОГРАД-ВРАЧАР,Промена личних података,195
20.04.2026,26.04.2026,БЕОГРАД-ВРАЧАР,Промена адресе пребивалишта,7
20.04.2026,26.04.2026,БЕОГРАД-ВРАЧАР,Брисање по основу одјаве пребивалишта,33
20.04.2026,26.04.2026,БЕОГРАД-ВРАЧАР,Брисање по основу смрти лица,14
20.04.2026,26.04.2026,БЕОГРАД-ВРАЧАР,Исправка техничке грешке,1
20.04.2026,26.04.2026,БЕОГРАД-ВРАЧАР,Брисање по службеној дужности,8
20.04.2026,26.04.2026,БЕОГРАД-ГРОЦКА,Упис по основу стицања пунолетства,13
20.04.2026,26.04.2026,БЕОГРАД-ГРОЦКА,Упис по основу пријаве пребивалишта,36
20.04.2026,26.04.2026,БЕОГРАД-ГРОЦКА,Промена личних података,16
20.04.2026,26.04.2026,БЕОГРАД-ГРОЦКА,Промена адресе пребивалишта,25
20.04.2026,26.04.2026,БЕОГРАД-ГРОЦКА,Промена адресе боравишта интерно расељеног лица,1
20.04.2026,26.04.2026,БЕОГРАД-ГРОЦКА,Брисање по основу одјаве пребивалишта,23
20.04.2026,26.04.2026,БЕОГРАД-ГРОЦКА,Брисање по основу смрти лица,17
20.04.2026,26.04.2026,БЕОГРАД-ГРОЦКА,Брисање боравишта интерно расељеног лица,1
20.04.2026,26.04.2026,БЕОГРАД-ЗВЕЗДАРА,Упис по основу стицања пунолетства,20
20.04.2026,26.04.2026,БЕОГРАД-ЗВЕЗДАРА,Упис по основу пријаве пребивалишта,147
20.04.2026,26.04.2026,БЕОГРАД-ЗВЕЗДАРА,Упис по основу пријаве боравишта интерно расељеног лица,1
20.04.2026,26.04.2026,БЕОГРАД-ЗВЕЗДАРА,Промена личних података,137
20.04.2026,26.04.2026,БЕОГРАД-ЗВЕЗДАРА,Промена адресе пребивалишта,80
20.04.2026,26.04.2026,БЕОГРАД-ЗВЕЗДАРА,Промена адресе боравишта интерно расељеног лица,4
20.04.2026,26.04.2026,БЕОГРАД-ЗВЕЗДАРА,Брисање по основу отпуста из држављанства,1
20.04.2026,26.04.2026,БЕОГРАД-ЗВЕЗДАРА,Брисање по основу одјаве пребивалишта,79
20.04.2026,26.04.2026,БЕОГРАД-ЗВЕЗДАРА,Брисање по основу смрти лица,35
20.04.2026,26.04.2026,БЕОГРАД-ЗВЕЗДАРА,Брисање боравишта интерно расељеног лица,1
20.04.2026,26.04.2026,БЕОГРАД-ЗВЕЗДАРА,Исправка техничке грешке,1
20.04.2026,26.04.2026,БЕОГРАД-ЗЕМУН,Упис по основу стицања пунолетства,40
20.04.2026,26.04.2026,БЕОГРАД-ЗЕМУН,Упис по основу пријаве пребивалишта,103
20.04.2026,26.04.2026,БЕОГРАД-ЗЕМУН,Промена личних података,28
20.04.2026,26.04.2026,БЕОГРАД-ЗЕМУН,Промена адресе пребивалишта,77
20.04.2026,26.04.2026,БЕОГРАД-ЗЕМУН,Брисање по основу одјаве пребивалишта,58
20.04.2026,26.04.2026,БЕОГРАД-ЗЕМУН,Брисање по основу смрти лица,34
20.04.2026,26.04.2026,БЕОГРАД-ЗЕМУН,Брисање боравишта интерно расељеног лица,1
20.04.2026,26.04.2026,БЕОГРАД-ЗЕМУН,Брисање по службеној дужности,12
20.04.2026,26.04.2026,БЕОГРАД-ЛАЗАРЕВАЦ,Упис по основу стицања пунолетства,8
20.04.2026,26.04.2026,БЕОГРАД-ЛАЗАРЕВАЦ,Упис по основу пријаве пребивалишта,15
20.04.2026,26.04.2026,БЕОГРАД-ЛАЗАРЕВАЦ,Упис по основу пријаве боравишта интерно расељеног лица,1
20.04.2026,26.04.2026,БЕОГРАД-ЛАЗАРЕВАЦ,Промена личних података,6
20.04.2026,26.04.2026,БЕОГРАД-ЛАЗАРЕВАЦ,Промена адресе пребивалишта,28
20.04.2026,26.04.2026,БЕОГРАД-ЛАЗАРЕВАЦ,Промена адресе боравишта интерно расељеног лица,1
20.04.2026,26.04.2026,БЕОГРАД-ЛАЗАРЕВАЦ,Брисање по основу одјаве пребивалишта,6
20.04.2026,26.04.2026,БЕОГРАД-ЛАЗАРЕВАЦ,Брисање по основу смрти лица,11
20.04.2026,26.04.2026,БЕОГРАД-ЛАЗАРЕВАЦ,Брисање боравишта интерно расељеног лица,2
20.04.2026,26.04.2026,БЕОГРАД-ЛАЗАРЕВАЦ,Брисање по службеној дужности,6
20.04.2026,26.04.2026,БЕОГРАД-МЛАДЕНОВАЦ,Упис по основу стицања пунолетства,7
20.04.2026,26.04.2026,БЕОГРАД-МЛАДЕНОВАЦ,Упис по основу пријаве пребивалишта,20
20.04.2026,26.04.2026,БЕОГРАД-МЛАДЕНОВАЦ,Упис по основу пријаве боравишта интерно расељеног лица,2
20.04.2026,26.04.2026,БЕОГРАД-МЛАДЕНОВАЦ,Промена личних података,31
20.04.2026,26.04.2026,БЕОГРАД-МЛАДЕНОВАЦ,Промена адресе пребивалишта,34
20.04.2026,26.04.2026,БЕОГРАД-МЛАДЕНОВАЦ,Промена адресе боравишта интерно расељеног лица,1
20.04.2026,26.04.2026,БЕОГРАД-МЛАДЕНОВАЦ,Брисање по основу одјаве пребивалишта,6
20.04.2026,26.04.2026,БЕОГРАД-МЛАДЕНОВАЦ,Брисање по основу смрти лица,14
20.04.2026,26.04.2026,БЕОГРАД-МЛАДЕНОВАЦ,Брисање боравишта интерно расељеног лица,1
20.04.2026,26.04.2026,БЕОГРАД-МЛАДЕНОВАЦ,Брисање по службеној дужности,3
20.04.2026,26.04.2026,БЕОГРАД-НОВИ БЕОГРАД,Упис по основу стицања пунолетства,34
20.04.2026,26.04.2026,БЕОГРАД-НОВИ БЕОГРАД,Упис по основу пријаве пребивалишта,96
20.04.2026,26.04.2026,БЕОГРАД-НОВИ БЕОГРАД,Упис по основу пријема у држављанство,2
20.04.2026,26.04.2026,БЕОГРАД-НОВИ БЕОГРАД,Промена личних података,47
20.04.2026,26.04.2026,БЕОГРАД-НОВИ БЕОГРАД,Промена адресе пребивалишта,52
20.04.2026,26.04.2026,БЕОГРАД-НОВИ БЕОГРАД,Брисање по основу одјаве пребивалишта,84
20.04.2026,26.04.2026,БЕОГРАД-НОВИ БЕОГРАД,Брисање по основу смрти лица,44
20.04.2026,26.04.2026,БЕОГРАД-НОВИ БЕОГРАД,Брисање боравишта интерно расељеног лица,1
20.04.2026,26.04.2026,БЕОГРАД-НОВИ БЕОГРАД,Исправка техничке грешке,1
20.04.2026,26.04.2026,БЕОГРАД-НОВИ БЕОГРАД,Брисање по службеној дужности,16
20.04.2026,26.04.2026,БЕОГРАД-ОБРЕНОВАЦ,Упис по основу стицања пунолетства,11
20.04.2026,26.04.2026,БЕОГРАД-ОБРЕНОВАЦ,Упис по основу пријаве пребивалишта,12
20.04.2026,26.04.2026,БЕОГРАД-ОБРЕНОВАЦ,Промена личних података,14
20.04.2026,26.04.2026,БЕОГРАД-ОБРЕНОВАЦ,Промена адресе пребивалишта,61
20.04.2026,26.04.2026,БЕОГРАД-ОБРЕНОВАЦ,Брисање по основу одјаве пребивалишта,12
20.04.2026,26.04.2026,БЕОГРАД-ОБРЕНОВАЦ,Брисање по основу смрти лица,17
20.04.2026,26.04.2026,БЕОГРАД-ОБРЕНОВАЦ,Брисање боравишта интерно расељеног лица,3
20.04.2026,26.04.2026,БЕОГРАД-ПАЛИЛУЛА,Упис по основу стицања пунолетства,45
20.04.2026,26.04.2026,БЕОГРАД-ПАЛИЛУЛА,Упис по основу пријаве пребивалишта,166
20.04.2026,26.04.2026,БЕОГРАД-ПАЛИЛУЛА,Промена личних података,322
20.04.2026,26.04.2026,БЕОГРАД-ПАЛИЛУЛА,Промена адресе пребивалишта,76
20.04.2026,26.04.2026,БЕОГРАД-ПАЛИЛУЛА,Брисање по основу одјаве пребивалишта,67
20.04.2026,26.04.2026,БЕОГРАД-ПАЛИЛУЛА,Брисање по основу смрти лица,30
20.04.2026,26.04.2026,БЕОГРАД-РАКОВИЦА,Упис по основу стицања пунолетства,31
20.04.2026,26.04.2026,БЕОГРАД-РАКОВИЦА,Упис по основу пријаве пребивалишта,73
20.04.2026,26.04.2026,БЕОГРАД-РАКОВИЦА,Упис по основу пријаве боравишта интерно расељеног лица,2
20.04.2026,26.04.2026,БЕОГРАД-РАКОВИЦА,Промена личних података,22
20.04.2026,26.04.2026,БЕОГРАД-РАКОВИЦА,Промена адресе пребивалишта,59
20.04.2026,26.04.2026,БЕОГРАД-РАКОВИЦА,Брисање по основу отпуста из држављанства,1
20.04.2026,26.04.2026,БЕОГРАД-РАКОВИЦА,Брисање по основу одјаве пребивалишта,37
20.04.2026,26.04.2026,БЕОГРАД-РАКОВИЦА,Брисање по основу смрти лица,35
20.04.2026,26.04.2026,БЕОГРАД-РАКОВИЦА,Брисање боравишта интерно расељеног лица,3
20.04.2026,26.04.2026,БЕОГРАД-САВСКИ ВЕНАЦ,Упис по основу стицања пунолетства,5
20.04.2026,26.04.2026,БЕОГРАД-САВСКИ ВЕНАЦ,Упис по основу пријаве пребивалишта,39
20.04.2026,26.04.2026,БЕОГРАД-САВСКИ ВЕНАЦ,Промена личних података,9
20.04.2026,26.04.2026,БЕОГРАД-САВСКИ ВЕНАЦ,Промена адресе пребивалишта,6
20.04.2026,26.04.2026,БЕОГРАД-САВСКИ ВЕНАЦ,Брисање по основу одјаве пребивалишта,29
20.04.2026,26.04.2026,БЕОГРАД-САВСКИ ВЕНАЦ,Брисање по основу смрти лица,7
20.04.2026,26.04.2026,БЕОГРАД-СОПОТ,Упис по основу стицања пунолетства,5
20.04.2026,26.04.2026,БЕОГРАД-СОПОТ,Упис по основу пријаве пребивалишта,5
20.04.2026,26.04.2026,БЕОГРАД-СОПОТ,Промена личних података,28
20.04.2026,26.04.2026,БЕОГРАД-СОПОТ,Промена адресе пребивалишта,7
20.04.2026,26.04.2026,БЕОГРАД-СОПОТ,Брисање по основу одјаве пребивалишта,9
20.04.2026,26.04.2026,БЕОГРАД-СОПОТ,Брисање по основу смрти лица,9
20.04.2026,26.04.2026,БЕОГРАД-СТАРИ ГРАД,Упис по основу стицања пунолетства,4
20.04.2026,26.04.2026,БЕОГРАД-СТАРИ ГРАД,Упис по основу пријаве пребивалишта,34
20.04.2026,26.04.2026,БЕОГРАД-СТАРИ ГРАД,Промена личних података,19
20.04.2026,26.04.2026,БЕОГРАД-СТАРИ ГРАД,Промена адресе пребивалишта,7
20.04.2026,26.04.2026,БЕОГРАД-СТАРИ ГРАД,Брисање по основу одјаве пребивалишта,24
20.04.2026,26.04.2026,БЕОГРАД-СТАРИ ГРАД,Брисање по основу смрти лица,7
20.04.2026,26.04.2026,БЕОГРАД-СУРЧИН,Упис по основу стицања пунолетства,9
20.04.2026,26.04.2026,БЕОГРАД-СУРЧИН,Упис по основу пријаве пребивалишта,26
20.04.2026,26.04.2026,БЕОГРАД-СУРЧИН,Промена личних података,9
20.04.2026,26.04.2026,БЕОГРАД-СУРЧИН,Промена адресе пребивалишта,20
20.04.2026,26.04.2026,БЕОГРАД-СУРЧИН,Брисање по основу одјаве пребивалишта,10
20.04.2026,26.04.2026,БЕОГРАД-СУРЧИН,Брисање по основу смрти лица,16
20.04.2026,26.04.2026,БЕОГРАД-СУРЧИН,Брисање по службеној дужности,4
20.04.2026,26.04.2026,БЕОГРАД-ЧУКАРИЦА,Упис по основу стицања пунолетства,39
20.04.2026,26.04.2026,БЕОГРАД-ЧУКАРИЦА,Упис по основу пријаве пребивалишта,70
20.04.2026,26.04.2026,БЕОГРАД-ЧУКАРИЦА,Упис по основу пријаве боравишта интерно расељеног лица,2
20.04.2026,26.04.2026,БЕОГРАД-ЧУКАРИЦА,Промена личних података,30
20.04.2026,26.04.2026,БЕОГРАД-ЧУКАРИЦА,Промена адресе пребивалишта,240
20.04.2026,26.04.2026,БЕОГРАД-ЧУКАРИЦА,Брисање по основу одјаве пребивалишта,51
20.04.2026,26.04.2026,БЕОГРАД-ЧУКАРИЦА,Брисање по основу смрти лица,37
20.04.2026,26.04.2026,БЕОГРАД-ЧУКАРИЦА,Брисање боравишта интерно расељеног лица,3
20.04.2026,26.04.2026,БЕОГРАД-ЧУКАРИЦА,Брисање по службеној дужности,8
20.04.2026,26.04.2026,БЕОЧИН,Упис по основу стицања пунолетства,2
20.04.2026,26.04.2026,БЕОЧИН,Упис по основу пријаве пребивалишта,2
20.04.2026,26.04.2026,БЕОЧИН,Промена личних података,4
20.04.2026,26.04.2026,БЕОЧИН,Промена адресе пребивалишта,16
20.04.2026,26.04.2026,БЕОЧИН,Брисање по основу одјаве пребивалишта,3
20.04.2026,26.04.2026,БЕОЧИН,Брисање по основу смрти лица,3
20.04.2026,26.04.2026,БЕОЧИН,Брисање по службеној дужности,7
20.04.2026,26.04.2026,БЕЧЕЈ,Упис по основу стицања пунолетства,6
20.04.2026,26.04.2026,БЕЧЕЈ,Упис по основу пријаве пребивалишта,20
20.04.2026,26.04.2026,БЕЧЕЈ,Промена личних података,3
20.04.2026,26.04.2026,БЕЧЕЈ,Промена адресе пребивалишта,13
20.04.2026,26.04.2026,БЕЧЕЈ,Брисање по основу одјаве пребивалишта,7
20.04.2026,26.04.2026,БЕЧЕЈ,Брисање по основу смрти лица,4
20.04.2026,26.04.2026,БЕЧЕЈ,Брисање по службеној дужности,1
20.04.2026,26.04.2026,БЛАЦЕ,Упис по основу стицања пунолетства,2
20.04.2026,26.04.2026,БЛАЦЕ,Упис по основу пријаве пребивалишта,2
20.04.2026,26.04.2026,БЛАЦЕ,Промена адресе пребивалишта,6
20.04.2026,26.04.2026,БЛАЦЕ,Брисање по основу одјаве пребивалишта,2
20.04.2026,26.04.2026,БЛАЦЕ,Брисање по основу смрти лица,5
20.04.2026,26.04.2026,БЛАЦЕ,Брисање боравишта интерно расељеног лица,1
20.04.2026,26.04.2026,БЛАЦЕ,Исправка техничке грешке,1
20.04.2026,26.04.2026,БОГАТИЋ,Упис по основу стицања пунолетства,9
20.04.2026,26.04.2026,БОГАТИЋ,Упис по основу пријаве пребивалишта,3
20.04.2026,26.04.2026,БОГАТИЋ,Промена личних података,1
20.04.2026,26.04.2026,БОГАТИЋ,Промена адресе пребивалишта,10
20.04.2026,26.04.2026,БОГАТИЋ,Брисање по основу одјаве пребивалишта,5
20.04.2026,26.04.2026,БОГАТИЋ,Брисање по основу смрти лица,2
20.04.2026,26.04.2026,БОЈНИК,Упис по основу стицања пунолетства,6
20.04.2026,26.04.2026,БОЈНИК,Упис по основу пријаве пребивалишта,7
20.04.2026,26.04.2026,БОЈНИК,Упис по основу пријема у држављанство,1
20.04.2026,26.04.2026,БОЈНИК,Промена адресе пребивалишта,22
20.04.2026,26.04.2026,БОЈНИК,Брисање по основу одјаве пребивалишта,1
20.04.2026,26.04.2026,БОЈНИК,Брисање по основу смрти лица,3
20.04.2026,26.04.2026,БОЉЕВАЦ,Упис по основу стицања пунолетства,1
20.04.2026,26.04.2026,БОЉЕВАЦ,Упис по основу пријаве пребивалишта,1
20.04.2026,26.04.2026,БОЉЕВАЦ,Промена адресе пребивалишта,2
20.04.2026,26.04.2026,БОЉЕВАЦ,Брисање по основу одјаве пребивалишта,4
20.04.2026,26.04.2026,БОЉЕВАЦ,Брисање по основу смрти лица,1
20.04.2026,26.04.2026,БОР - ГРАД,Упис по основу стицања пунолетства,12
20.04.2026,26.04.2026,БОР - ГРАД,Упис по основу пријаве пребивалишта,8
20.04.2026,26.04.2026,БОР - ГРАД,Промена личних података,3
20.04.2026,26.04.2026,БОР - ГРАД,Промена адресе пребивалишта,24
20.04.2026,26.04.2026,БОР - ГРАД,Брисање по основу одјаве пребивалишта,12
20.04.2026,26.04.2026,БОР - ГРАД,Брисање по основу смрти лица,19
20.04.2026,26.04.2026,БОР - ГРАД,Брисање по службеној дужности,3
20.04.2026,26.04.2026,БОСИЛЕГРАД,Упис по основу пријаве пребивалишта,1
20.04.2026,26.04.2026,БОСИЛЕГРАД,Промена адресе пребивалишта,17
20.04.2026,26.04.2026,БОСИЛЕГРАД,Брисање по основу одјаве пребивалишта,2
20.04.2026,26.04.2026,БОСИЛЕГРАД,Брисање по основу смрти лица,3
20.04.2026,26.04.2026,БРУС,Упис по основу стицања пунолетства,3
20.04.2026,26.04.2026,БРУС,Упис по основу пријаве пребивалишта,3
20.04.2026,26.04.2026,БРУС,Промена личних података,4
20.04.2026,26.04.2026,БРУС,Промена адресе пребивалишта,31
20.04.2026,26.04.2026,БРУС,Брисање по основу одјаве пребивалишта,4
20.04.2026,26.04.2026,БРУС,Брисање по основу смрти лица,2
20.04.2026,26.04.2026,БУЈАНОВАЦ,Упис по основу стицања пунолетства,5
20.04.2026,26.04.2026,БУЈАНОВАЦ,Упис по основу пријаве пребивалишта,21
20.04.2026,26.04.2026,БУЈАНОВАЦ,Промена личних података,29
20.04.2026,26.04.2026,БУЈАНОВАЦ,Промена адресе пребивалишта,48
20.04.2026,26.04.2026,БУЈАНОВАЦ,Брисање по основу одјаве пребивалишта,4
20.04.2026,26.04.2026,БУЈАНОВАЦ,Брисање по основу смрти лица,9
20.04.2026,26.04.2026,ВАЉЕВО - ГРАД,Упис по основу стицања пунолетства,12
20.04.2026,26.04.2026,ВАЉЕВО - ГРАД,Упис по основу пријаве пребивалишта,8
20.04.2026,26.04.2026,ВАЉЕВО - ГРАД,Упис по основу пријема у држављанство,1
20.04.2026,26.04.2026,ВАЉЕВО - ГРАД,Промена личних података,13
20.04.2026,26.04.2026,ВАЉЕВО - ГРАД,Промена адресе пребивалишта,49
20.04.2026,26.04.2026,ВАЉЕВО - ГРАД,Брисање по основу одјаве пребивалишта,15
20.04.2026,26.04.2026,ВАЉЕВО - ГРАД,Брисање по основу смрти лица,26
20.04.2026,26.04.2026,ВАРВАРИН,Упис по основу пријаве пребивалишта,2
20.04.2026,26.04.2026,ВАРВАРИН,Промена личних података,1
20.04.2026,26.04.2026,ВАРВАРИН,Промена адресе пребивалишта,43
20.04.2026,26.04.2026,ВАРВАРИН,Брисање по основу одјаве пребивалишта,6
20.04.2026,26.04.2026,ВАРВАРИН,Брисање по основу смрти лица,6
20.04.2026,26.04.2026,ВАРВАРИН,Брисање по службеној дужности,4
20.04.2026,26.04.2026,ВЕЛИКА ПЛАНА,Упис по основу стицања пунолетства,9
20.04.2026,26.04.2026,ВЕЛИКА ПЛАНА,Упис по основу пријаве пребивалишта,3
20.04.2026,26.04.2026,ВЕЛИКА ПЛАНА,Упис по основу пријема у држављанство,1
20.04.2026,26.04.2026,ВЕЛИКА ПЛАНА,Промена личних података,6
20.04.2026,26.04.2026,ВЕЛИКА ПЛАНА,Промена адресе пребивалишта,13
20.04.2026,26.04.2026,ВЕЛИКА ПЛАНА,Промена адресе боравишта интерно расељеног лица,2
20.04.2026,26.04.2026,ВЕЛИКА ПЛАНА,Брисање по основу одјаве пребивалишта,4
20.04.2026,26.04.2026,ВЕЛИКА ПЛАНА,Брисање по основу смрти лица,10
20.04.2026,26.04.2026,ВЕЛИКА ПЛАНА,Брисање боравишта интерно расељеног лица,2
20.04.2026,26.04.2026,ВЕЛИКО ГРАДИШТЕ,Упис по основу стицања пунолетства,4
20.04.2026,26.04.2026,ВЕЛИКО ГРАДИШТЕ,Упис по основу пријаве пребивалишта,5
20.04.2026,26.04.2026,ВЕЛИКО ГРАДИШТЕ,Промена личних података,7
20.04.2026,26.04.2026,ВЕЛИКО ГРАДИШТЕ,Промена адресе пребивалишта,23
20.04.2026,26.04.2026,ВЕЛИКО ГРАДИШТЕ,Брисање по основу одјаве пребивалишта,2
20.04.2026,26.04.2026,ВЕЛИКО ГРАДИШТЕ,Брисање по основу смрти лица,6
20.04.2026,26.04.2026,ВЕЛИКО ГРАДИШТЕ,Исправка техничке грешке,1
20.04.2026,26.04.2026,ВИТИНА,Брисање по основу одјаве пребивалишта,1
20.04.2026,26.04.2026,ВЛАДИМИРЦИ,Упис по основу стицања пунолетства,3
20.04.2026,26.04.2026,ВЛАДИМИРЦИ,Упис по основу пријаве пребивалишта,7
20.04.2026,26.04.2026,ВЛАДИМИРЦИ,Промена адресе пребивалишта,5
20.04.2026,26.04.2026,ВЛАДИМИРЦИ,Брисање по основу одјаве пребивалишта,2
20.04.2026,26.04.2026,ВЛАДИМИРЦИ,Брисање по основу смрти лица,2
20.04.2026,26.04.2026,ВЛАДИЧИН ХАН,Упис по основу стицања пунолетства,2
20.04.2026,26.04.2026,ВЛАДИЧИН ХАН,Упис по основу пријаве пребивалишта,1
20.04.2026,26.04.2026,ВЛАДИЧИН ХАН,Промена личних података,6
20.04.2026,26.04.2026,ВЛАДИЧИН ХАН,Промена адресе пребивалишта,36
20.04.2026,26.04.2026,ВЛАДИЧИН ХАН,Брисање по основу одјаве пребивалишта,3
20.04.2026,26.04.2026,ВЛАДИЧИН ХАН,Брисање по основу смрти лица,4
20.04.2026,26.04.2026,ВЛАСОТИНЦЕ,Упис по основу стицања пунолетства,9
20.04.2026,26.04.2026,ВЛАСОТИНЦЕ,Упис по основу пријаве пребивалишта,1
20.04.2026,26.04.2026,ВЛАСОТИНЦЕ,Промена личних података,6
20.04.2026,26.04.2026,ВЛАСОТИНЦЕ,Промена адресе пребивалишта,62
20.04.2026,26.04.2026,ВЛАСОТИНЦЕ,Брисање по основу одјаве пребивалишта,7
20.04.2026,26.04.2026,ВЛАСОТИНЦЕ,Брисање по основу смрти лица,8
20.04.2026,26.04.2026,ВЛАСОТИНЦЕ,Исправка техничке грешке,1
20.04.2026,26.04.2026,ВРАЊЕ - ГРАД,Упис по основу стицања пунолетства,9
20.04.2026,26.04.2026,ВРАЊЕ - ГРАД,Упис по основу пријаве пребивалишта,21
20.04.2026,26.04.2026,ВРАЊЕ - ГРАД,Промена личних података,7
20.04.2026,26.04.2026,ВРАЊЕ - ГРАД,Промена адресе пребивалишта,56
20.04.2026,26.04.2026,ВРАЊЕ - ГРАД,Промена адресе боравишта интерно расељеног лица,1
20.04.2026,26.04.2026,ВРАЊЕ - ГРАД,Брисање по основу одјаве пребивалишта,11
20.04.2026,26.04.2026,ВРАЊЕ - ГРАД,Брисање по основу смрти лица,12
20.04.2026,26.04.2026,ВРАЊЕ - ГРАД,Брисање боравишта интерно расељеног лица,1
20.04.2026,26.04.2026,ВРАЊЕ - ГРАД,Брисање по службеној дужности,1
20.04.2026,26.04.2026,ВРАЊЕ-ВРАЊСКА БАЊА,Упис по основу стицања пунолетства,1
20.04.2026,26.04.2026,ВРАЊЕ-ВРАЊСКА БАЊА,Упис по основу пријаве пребивалишта,1
20.04.2026,26.04.2026,ВРАЊЕ-ВРАЊСКА БАЊА,Промена адресе пребивалишта,19
20.04.2026,26.04.2026,ВРАЊЕ-ВРАЊСКА БАЊА,Брисање по основу одјаве пребивалишта,2
20.04.2026,26.04.2026,ВРАЊЕ-ВРАЊСКА БАЊА,Брисање по основу смрти лица,2
20.04.2026,26.04.2026,ВРБАС,Упис по основу стицања пунолетства,10
20.04.2026,26.04.2026,ВРБАС,Упис по основу пријаве пребивалишта,2
20.04.2026,26.04.2026,ВРБАС,Промена личних података,4
20.04.2026,26.04.2026,ВРБАС,Промена адресе пребивалишта,18
20.04.2026,26.04.2026,ВРБАС,Брисање по основу одјаве пребивалишта,5
20.04.2026,26.04.2026,ВРБАС,Брисање по основу смрти лица,6
20.04.2026,26.04.2026,ВРЊАЧКА БАЊА,Брисање по основу одјаве пребивалишта,7
20.04.2026,26.04.2026,ВРЊАЧКА БАЊА,Брисање по основу смрти лица,8
20.04.2026,26.04.2026,ВРШАЦ - ГРАД,Упис по основу стицања пунолетства,9
20.04.2026,26.04.2026,ВРШАЦ - ГРАД,Упис по основу пријаве пребивалишта,12
20.04.2026,26.04.2026,ВРШАЦ - ГРАД,Упис по основу пријаве боравишта интерно расељеног лица,1
20.04.2026,26.04.2026,ВРШАЦ - ГРАД,Промена личних података,5
20.04.2026,26.04.2026,ВРШАЦ - ГРАД,Промена адресе пребивалишта,138
20.04.2026,26.04.2026,ВРШАЦ - ГРАД,Брисање по основу одјаве пребивалишта,3
20.04.2026,26.04.2026,ВРШАЦ - ГРАД,Брисање по основу смрти лица,9
20.04.2026,26.04.2026,ВУЧИТРН,Упис по основу стицања пунолетства,2
20.04.2026,26.04.2026,ВУЧИТРН,Брисање по основу одјаве пребивалишта,2
20.04.2026,26.04.2026,ГАЏИН ХАН,Упис по основу пријаве пребивалишта,1
20.04.2026,26.04.2026,ГАЏИН ХАН,Промена адресе пребивалишта,15
20.04.2026,26.04.2026,ГАЏИН ХАН,Брисање по основу одјаве пребивалишта,2
20.04.2026,26.04.2026,ГАЏИН ХАН,Брисање по основу смрти лица,5
20.04.2026,26.04.2026,ГЊИЛАНЕ,Упис по основу стицања пунолетства,1
20.04.2026,26.04.2026,ГЊИЛАНЕ,Брисање по основу одјаве пребивалишта,3
20.04.2026,26.04.2026,ГЊИЛАНЕ,Брисање по основу смрти лица,2
20.04.2026,26.04.2026,ГОЛУБАЦ,Упис по основу стицања пунолетства,1
20.04.2026,26.04.2026,ГОЛУБАЦ,Промена личних података,1
20.04.2026,26.04.2026,ГОЛУБАЦ,Промена адресе пребивалишта,17
20.04.2026,26.04.2026,ГОЛУБАЦ,Брисање по основу одјаве пребивалишта,2
20.04.2026,26.04.2026,ГОЛУБАЦ,Брисање по основу смрти лица,3
20.04.2026,26.04.2026,ГОРА,Упис по основу пријаве пребивалишта,3
20.04.2026,26.04.2026,ГОРЊИ МИЛАНОВАЦ,Упис по основу стицања пунолетства,7
20.04.2026,26.04.2026,ГОРЊИ МИЛАНОВАЦ,Упис по основу пријаве пребивалишта,11
20.04.2026,26.04.2026,ГОРЊИ МИЛАНОВАЦ,Упис по основу пријаве боравишта интерно расељеног лица,1
20.04.2026,26.04.2026,ГОРЊИ МИЛАНОВАЦ,Промена личних података,3
20.04.2026,26.04.2026,ГОРЊИ МИЛАНОВАЦ,Промена адресе пребивалишта,12
20.04.2026,26.04.2026,ГОРЊИ МИЛАНОВАЦ,Брисање по основу одјаве пребивалишта,4
20.04.2026,26.04.2026,ГОРЊИ МИЛАНОВАЦ,Брисање по основу смрти лица,14
20.04.2026,26.04.2026,ДЕСПОТОВАЦ,Брисање по основу отпуста из држављанства,2
20.04.2026,26.04.2026,ДЕСПОТОВАЦ,Брисање по основу одјаве пребивалишта,5
20.04.2026,26.04.2026,ДЕСПОТОВАЦ,Брисање по основу смрти лица,5
20.04.2026,26.04.2026,ДИМИТРОВГРАД,Упис по основу стицања пунолетства,1
20.04.2026,26.04.2026,ДИМИТРОВГРАД,Упис по основу пријаве пребивалишта,1
20.04.2026,26.04.2026,ДИМИТРОВГРАД,Промена личних података,1
20.04.2026,26.04.2026,ДИМИТРОВГРАД,Промена адресе пребивалишта,9
20.04.2026,26.04.2026,ДИМИТРОВГРАД,Брисање по основу одјаве пребивалишта,1
20.04.2026,26.04.2026,ДИМИТРОВГРАД,Брисање по основу смрти лица,6
20.04.2026,26.04.2026,ДОЉЕВАЦ,Брисање по основу одјаве пребивалишта,4
20.04.2026,26.04.2026,ЖАБАЉ,Упис по основу стицања пунолетства,4
20.04.2026,26.04.2026,ЖАБАЉ,Упис по основу пријаве пребивалишта,8
20.04.2026,26.04.2026,ЖАБАЉ,Промена личних података,1
20.04.2026,26.04.2026,ЖАБАЉ,Промена адресе пребивалишта,8
20.04.2026,26.04.2026,ЖАБАЉ,Брисање по основу одјаве пребивалишта,5
20.04.2026,26.04.2026,ЖАБАЉ,Брисање по основу смрти лица,8
20.04.2026,26.04.2026,ЖАБАРИ,Упис по основу стицања пунолетства,1
20.04.2026,26.04.2026,ЖАБАРИ,Промена личних података,1
20.04.2026,26.04.2026,ЖАБАРИ,Брисање по основу одјаве пребивалишта,1
20.04.2026,26.04.2026,ЖАБАРИ,Брисање по основу смрти лица,8
20.04.2026,26.04.2026,ЖАГУБИЦА,Упис по основу пријаве пребивалишта,2
20.04.2026,26.04.2026,ЖАГУБИЦА,Промена личних података,3
20.04.2026,26.04.2026,ЖАГУБИЦА,Промена адресе пребивалишта,22
20.04.2026,26.04.2026,ЖАГУБИЦА,Брисање по основу смрти лица,3
20.04.2026,26.04.2026,ЖИТИШТЕ,Упис по основу стицања пунолетства,3
20.04.2026,26.04.2026,ЖИТИШТЕ,Упис по основу пријаве пребивалишта,3
20.04.2026,26.04.2026,ЖИТИШТЕ,Промена личних података,4
20.04.2026,26.04.2026,ЖИТИШТЕ,Промена адресе пребивалишта,5
20.04.2026,26.04.2026,ЖИТИШТЕ,Брисање по основу одјаве пребивалишта,4
20.04.2026,26.04.2026,ЖИТИШТЕ,Брисање по основу смрти лица,7
20.04.2026,26.04.2026,ЖИТИШТЕ,Брисање по службеној дужности,6
20.04.2026,26.04.2026,ЖИТОРАЂА,Упис по основу стицања пунолетства,5
20.04.2026,26.04.2026,ЖИТОРАЂА,Упис по основу пријаве пребивалишта,3
20.04.2026,26.04.2026,ЖИТОРАЂА,Промена личних података,3
20.04.2026,26.04.2026,ЖИТОРАЂА,Промена адресе пребивалишта,45
20.04.2026,26.04.2026,ЖИТОРАЂА,Брисање по основу одјаве пребивалишта,2
20.04.2026,26.04.2026,ЖИТОРАЂА,Брисање по основу смрти лица,4
20.04.2026,26.04.2026,ЗАЈЕЧАР - ГРАД,Упис по основу стицања пунолетства,8
20.04.2026,26.04.2026,ЗАЈЕЧАР - ГРАД,Упис по основу пријаве пребивалишта,6
20.04.2026,26.04.2026,ЗАЈЕЧАР - ГРАД,Упис по основу пријаве боравишта интерно расељеног лица,3
20.04.2026,26.04.2026,ЗАЈЕЧАР - ГРАД,Промена личних података,7
20.04.2026,26.04.2026,ЗАЈЕЧАР - ГРАД,Промена адресе пребивалишта,13
20.04.2026,26.04.2026,ЗАЈЕЧАР - ГРАД,Брисање по основу одјаве пребивалишта,11
20.04.2026,26.04.2026,ЗАЈЕЧАР - ГРАД,Брисање по основу смрти лица,11
20.04.2026,26.04.2026,ЗАЈЕЧАР - ГРАД,Брисање по службеној дужности,2
20.04.2026,26.04.2026,ЗВЕЧАН,Брисање по основу одјаве пребивалишта,1
20.04.2026,26.04.2026,ЗВЕЧАН,Брисање по основу смрти лица,3
20.04.2026,26.04.2026,ЗРЕЊАНИН - ГРАД,Упис по основу стицања пунолетства,26
20.04.2026,26.04.2026,ЗРЕЊАНИН - ГРАД,Упис по основу пријаве пребивалишта,26
20.04.2026,26.04.2026,ЗРЕЊАНИН - ГРАД,Промена личних података,23
20.04.2026,26.04.2026,ЗРЕЊАНИН - ГРАД,Промена адресе пребивалишта,57
20.04.2026,26.04.2026,ЗРЕЊАНИН - ГРАД,Брисање по основу одјаве пребивалишта,14
20.04.2026,26.04.2026,ЗРЕЊАНИН - ГРАД,Брисање по основу губитка пословне способности,1
20.04.2026,26.04.2026,ЗРЕЊАНИН - ГРАД,Брисање по основу смрти лица,32
20.04.2026,26.04.2026,ЗРЕЊАНИН - ГРАД,Брисање боравишта интерно расељеног лица,1
20.04.2026,26.04.2026,ЗРЕЊАНИН - ГРАД,Брисање по службеној дужности,1
20.04.2026,26.04.2026,ИВАЊИЦА,Упис по основу стицања пунолетства,5
20.04.2026,26.04.2026,ИВАЊИЦА,Упис по основу пријаве пребивалишта,2
20.04.2026,26.04.2026,ИВАЊИЦА,Промена личних података,6
20.04.2026,26.04.2026,ИВАЊИЦА,Промена адресе пребивалишта,5
20.04.2026,26.04.2026,ИВАЊИЦА,Брисање по основу одјаве пребивалишта,6
20.04.2026,26.04.2026,ИВАЊИЦА,Брисање по основу смрти лица,7
20.04.2026,26.04.2026,ИВАЊИЦА,Исправка техничке грешке,2
20.04.2026,26.04.2026,ИНЂИЈА,Упис по основу стицања пунолетства,2
20.04.2026,26.04.2026,ИНЂИЈА,Упис по основу пријаве пребивалишта,18
20.04.2026,26.04.2026,ИНЂИЈА,Упис по основу пријаве боравишта интерно расељеног лица,1
20.04.2026,26.04.2026,ИНЂИЈА,Промена личних података,5
20.04.2026,26.04.2026,ИНЂИЈА,Промена адресе пребивалишта,19
20.04.2026,26.04.2026,ИНЂИЈА,Брисање по основу одјаве пребивалишта,7
20.04.2026,26.04.2026,ИНЂИЈА,Брисање по основу губитка пословне способности,1
20.04.2026,26.04.2026,ИНЂИЈА,Брисање по основу смрти лица,10
20.04.2026,26.04.2026,ИРИГ,Упис по основу стицања пунолетства,2
20.04.2026,26.04.2026,ИРИГ,Упис по основу пријаве пребивалишта,3
20.04.2026,26.04.2026,ИРИГ,Промена личних података,3
20.04.2026,26.04.2026,ИРИГ,Промена адресе пребивалишта,5
20.04.2026,26.04.2026,ИРИГ,Брисање по основу одјаве пребивалишта,4
20.04.2026,26.04.2026,ИРИГ,Брисање по основу смрти лица,2
20.04.2026,26.04.2026,ЈАГОДИНА - ГРАД,Упис по основу стицања пунолетства,18
20.04.2026,26.04.2026,ЈАГОДИНА - ГРАД,Упис по основу пријаве пребивалишта,22
20.04.2026,26.04.2026,ЈАГОДИНА - ГРАД,Упис по основу пријаве боравишта интерно расељеног лица,2
20.04.2026,26.04.2026,ЈАГОДИНА - ГРАД,Промена личних података,7
20.04.2026,26.04.2026,ЈАГОДИНА - ГРАД,Промена адресе пребивалишта,160
20.04.2026,26.04.2026,ЈАГОДИНА - ГРАД,Брисање по основу одјаве пребивалишта,7
20.04.2026,26.04.2026,ЈАГОДИНА - ГРАД,Брисање по основу смрти лица,15
20.04.2026,26.04.2026,КАЊИЖА,Упис по основу стицања пунолетства,1
20.04.2026,26.04.2026,КАЊИЖА,Упис по основу пријаве пребивалишта,2
20.04.2026,26.04.2026,КАЊИЖА,Промена адресе пребивалишта,7
20.04.2026,26.04.2026,КАЊИЖА,Брисање по основу одјаве пребивалишта,3
20.04.2026,26.04.2026,КАЊИЖА,Брисање по основу смрти лица,10
20.04.2026,26.04.2026,КИКИНДА - ГРАД,Упис по основу стицања пунолетства,7
20.04.2026,26.04.2026,КИКИНДА - ГРАД,Упис по основу пријаве пребивалишта,7
20.04.2026,26.04.2026,КИКИНДА - ГРАД,Промена личних података,3
20.04.2026,26.04.2026,КИКИНДА - ГРАД,Промена адресе пребивалишта,14
20.04.2026,26.04.2026,КИКИНДА - ГРАД,Брисање по основу одјаве пребивалишта,7
20.04.2026,26.04.2026,КИКИНДА - ГРАД,Брисање по основу смрти лица,16
20.04.2026,26.04.2026,КИКИНДА - ГРАД,Брисање по службеној дужности,26
20.04.2026,26.04.2026,КЛАДОВО,Упис по основу стицања пунолетства,7
20.04.2026,26.04.2026,КЛАДОВО,Упис по основу пријаве пребивалишта,2
20.04.2026,26.04.2026,КЛАДОВО,Промена личних података,1
20.04.2026,26.04.2026,КЛАДОВО,Промена адресе пребивалишта,17
20.04.2026,26.04.2026,КЛАДОВО,Брисање по основу отпуста из држављанства,1
20.04.2026,26.04.2026,КЛАДОВО,Брисање по основу одјаве пребивалишта,3
20.04.2026,26.04.2026,КЛАДОВО,Брисање по основу смрти лица,4
20.04.2026,26.04.2026,КНИЋ,Упис по основу стицања пунолетства,4
20.04.2026,26.04.2026,КНИЋ,Упис по основу пријаве пребивалишта,5
20.04.2026,26.04.2026,КНИЋ,Промена личних података,4
20.04.2026,26.04.2026,КНИЋ,Промена адресе пребивалишта,54
20.04.2026,26.04.2026,КНИЋ,Промена адресе боравишта интерно расељеног лица,1
20.04.2026,26.04.2026,КНИЋ,Брисање по основу смрти лица,6
20.04.2026,26.04.2026,КЊАЖЕВАЦ,Упис по основу стицања пунолетства,11
20.04.2026,26.04.2026,КЊАЖЕВАЦ,Упис по основу пријаве пребивалишта,1
20.04.2026,26.04.2026,КЊАЖЕВАЦ,Промена личних података,5
20.04.2026,26.04.2026,КЊАЖЕВАЦ,Промена адресе пребивалишта,84
20.04.2026,26.04.2026,КЊАЖЕВАЦ,Брисање по основу одјаве пребивалишта,4
20.04.2026,26.04.2026,КЊАЖЕВАЦ,Брисање по основу смрти лица,11
20.04.2026,26.04.2026,КЊАЖЕВАЦ,Исправка техничке грешке,1
20.04.2026,26.04.2026,КОВАЧИЦА,Упис по основу стицања пунолетства,1
20.04.2026,26.04.2026,КОВАЧИЦА,Упис по основу пријаве пребивалишта,2
20.04.2026,26.04.2026,КОВАЧИЦА,Промена адресе пребивалишта,7
20.04.2026,26.04.2026,КОВАЧИЦА,Брисање по основу одјаве пребивалишта,1
20.04.2026,26.04.2026,КОВАЧИЦА,Брисање по основу смрти лица,3
20.04.2026,26.04.2026,КОВИН,Упис по основу стицања пунолетства,4
20.04.2026,26.04.2026,КОВИН,Упис по основу пријаве пребивалишта,7
20.04.2026,26.04.2026,КОВИН,Упис по основу враћања пословне способности,1
20.04.2026,26.04.2026,КОВИН,Промена личних података,2
20.04.2026,26.04.2026,КОВИН,Промена адресе пребивалишта,17
20.04.2026,26.04.2026,КОВИН,Брисање по основу одјаве пребивалишта,5
20.04.2026,26.04.2026,КОВИН,Брисање по основу смрти лица,8
20.04.2026,26.04.2026,КОВИН,Брисање по службеној дужности,1
20.04.2026,26.04.2026,КОСЈЕРИЋ,Упис по основу пријаве пребивалишта,2
20.04.2026,26.04.2026,КОСЈЕРИЋ,Промена личних података,2
20.04.2026,26.04.2026,КОСЈЕРИЋ,Промена адресе пребивалишта,10
20.04.2026,26.04.2026,КОСЈЕРИЋ,Брисање по основу смрти лица,3
20.04.2026,26.04.2026,КОСОВО ПОЉЕ,Упис по основу пријаве пребивалишта,1
20.04.2026,26.04.2026,КОСОВО ПОЉЕ,Брисање по основу одјаве пребивалишта,4
20.04.2026,26.04.2026,КОСОВО ПОЉЕ,Брисање боравишта интерно расељеног лица,1
20.04.2026,26.04.2026,КОСОВСКА КАМЕНИЦА,Промена личних података,2
20.04.2026,26.04.2026,КОСОВСКА МИТРОВИЦА,Упис по основу стицања пунолетства,5
20.04.2026,26.04.2026,КОСОВСКА МИТРОВИЦА,Упис по основу пријаве пребивалишта,3
20.04.2026,26.04.2026,КОСОВСКА МИТРОВИЦА,Промена личних података,1
20.04.2026,26.04.2026,КОСОВСКА МИТРОВИЦА,Брисање по основу одјаве пребивалишта,6
20.04.2026,26.04.2026,КОСОВСКА МИТРОВИЦА,Брисање по основу смрти лица,2
20.04.2026,26.04.2026,КОЦЕЉЕВА,Упис по основу стицања пунолетства,2
20.04.2026,26.04.2026,КОЦЕЉЕВА,Упис по основу пријаве пребивалишта,2
20.04.2026,26.04.2026,КОЦЕЉЕВА,Промена личних података,2
20.04.2026,26.04.2026,КОЦЕЉЕВА,Промена адресе пребивалишта,21
20.04.2026,26.04.2026,КОЦЕЉЕВА,Брисање по основу одјаве пребивалишта,3
20.04.2026,26.04.2026,КОЦЕЉЕВА,Брисање по основу смрти лица,6
20.04.2026,26.04.2026,КРАГУЈЕВАЦ - ГРАД,Упис по основу стицања пунолетства,32
20.04.2026,26.04.2026,КРАГУЈЕВАЦ - ГРАД,Упис по основу пријаве пребивалишта,43
20.04.2026,26.04.2026,КРАГУЈЕВАЦ - ГРАД,Упис по основу пријаве боравишта интерно расељеног лица,5
20.04.2026,26.04.2026,КРАГУЈЕВАЦ - ГРАД,Промена личних података,15
20.04.2026,26.04.2026,КРАГУЈЕВАЦ - ГРАД,Промена адресе пребивалишта,128
20.04.2026,26.04.2026,КРАГУЈЕВАЦ - ГРАД,Промена адресе боравишта интерно расељеног лица,1
20.04.2026,26.04.2026,КРАГУЈЕВАЦ - ГРАД,Брисање по основу одјаве пребивалишта,19
20.04.2026,26.04.2026,КРАГУЈЕВАЦ - ГРАД,Брисање по основу смрти лица,47
20.04.2026,26.04.2026,КРАГУЈЕВАЦ - ГРАД,Брисање боравишта интерно расељеног лица,5
20.04.2026,26.04.2026,КРАГУЈЕВАЦ - ГРАД,Исправка техничке грешке,1
20.04.2026,26.04.2026,КРАГУЈЕВАЦ - ГРАД,Брисање по службеној дужности,6
20.04.2026,26.04.2026,КРАЉЕВО - ГРАД,Упис по основу стицања пунолетства,25
20.04.2026,26.04.2026,КРАЉЕВО - ГРАД,Упис по основу пријаве пребивалишта,30
20.04.2026,26.04.2026,КРАЉЕВО - ГРАД,Упис по основу враћања пословне способности,1
20.04.2026,26.04.2026,КРАЉЕВО - ГРАД,Упис по основу пријаве боравишта интерно расељеног лица,26
20.04.2026,26.04.2026,КРАЉЕВО - ГРАД,Промена личних података,19
20.04.2026,26.04.2026,КРАЉЕВО - ГРАД,Промена адресе пребивалишта,112
20.04.2026,26.04.2026,КРАЉЕВО - ГРАД,Промена адресе боравишта интерно расељеног лица,1
20.04.2026,26.04.2026,КРАЉЕВО - ГРАД,Брисање по основу одјаве пребивалишта,18
20.04.2026,26.04.2026,КРАЉЕВО - ГРАД,Брисање по основу смрти лица,37
20.04.2026,26.04.2026,КРАЉЕВО - ГРАД,Брисање боравишта интерно расељеног лица,3
20.04.2026,26.04.2026,КРАЉЕВО - ГРАД,Исправка техничке грешке,2
20.04.2026,26.04.2026,КРУПАЊ,Упис по основу стицања пунолетства,1
20.04.2026,26.04.2026,КРУПАЊ,Упис по основу пријаве пребивалишта,3
20.04.2026,26.04.2026,КРУПАЊ,Упис по основу пријема у држављанство,2
20.04.2026,26.04.2026,КРУПАЊ,Промена личних података,1
20.04.2026,26.04.2026,КРУПАЊ,Промена адресе пребивалишта,24
20.04.2026,26.04.2026,КРУПАЊ,Брисање по основу смрти лица,4
20.04.2026,26.04.2026,КРУШЕВАЦ - ГРАД,Упис по основу стицања пунолетства,25
20.04.2026,26.04.2026,КРУШЕВАЦ - ГРАД,Упис по основу пријаве пребивалишта,20
20.04.2026,26.04.2026,КРУШЕВАЦ - ГРАД,Упис по основу пријаве боравишта интерно расељеног лица,1
20.04.2026,26.04.2026,КРУШЕВАЦ - ГРАД,Промена личних података,17
20.04.2026,26.04.2026,КРУШЕВАЦ - ГРАД,Промена адресе пребивалишта,100
20.04.2026,26.04.2026,КРУШЕВАЦ - ГРАД,Промена адресе боравишта интерно расељеног лица,1
20.04.2026,26.04.2026,КРУШЕВАЦ - ГРАД,Брисање по основу отпуста из држављанства,2
20.04.2026,26.04.2026,КРУШЕВАЦ - ГРАД,Брисање по основу одјаве пребивалишта,15
20.04.2026,26.04.2026,КРУШЕВАЦ - ГРАД,Брисање по основу смрти лица,46
20.04.2026,26.04.2026,КРУШЕВАЦ - ГРАД,Брисање боравишта интерно расељеног лица,1
20.04.2026,26.04.2026,КРУШЕВАЦ - ГРАД,Исправка техничке грешке,1
20.04.2026,26.04.2026,КУЛА,Промена личних података,4
20.04.2026,26.04.2026,КУЛА,Брисање по основу одјаве пребивалишта,7
20.04.2026,26.04.2026,КУЛА,Брисање по основу смрти лица,8
20.04.2026,26.04.2026,КУРШУМЛИЈА,Упис по основу стицања пунолетства,3
20.04.2026,26.04.2026,КУРШУМЛИЈА,Упис по основу пријаве пребивалишта,1
20.04.2026,26.04.2026,КУРШУМЛИЈА,Упис по основу пријаве боравишта интерно расељеног лица,1
20.04.2026,26.04.2026,КУРШУМЛИЈА,Промена личних података,1
20.04.2026,26.04.2026,КУРШУМЛИЈА,Промена адресе пребивалишта,11
20.04.2026,26.04.2026,КУРШУМЛИЈА,Промена адресе боравишта интерно расељеног лица,1
20.04.2026,26.04.2026,КУРШУМЛИЈА,Брисање по основу одјаве пребивалишта,1
20.04.2026,26.04.2026,КУРШУМЛИЈА,Брисање по основу смрти лица,4
20.04.2026,26.04.2026,КУРШУМЛИЈА,Брисање боравишта интерно расељеног лица,110
20.04.2026,26.04.2026,КУЧЕВО,Упис по основу стицања пунолетства,1
20.04.2026,26.04.2026,КУЧЕВО,Упис по основу пријаве пребивалишта,3
20.04.2026,26.04.2026,КУЧЕВО,Упис по основу пријема у држављанство,1
20.04.2026,26.04.2026,КУЧЕВО,Упис по основу пријаве боравишта интерно расељеног лица,3
20.04.2026,26.04.2026,КУЧЕВО,Промена личних података,3
20.04.2026,26.04.2026,КУЧЕВО,Промена адресе пребивалишта,53
20.04.2026,26.04.2026,КУЧЕВО,Брисање по основу отпуста из држављанства,1
20.04.2026,26.04.2026,КУЧЕВО,Брисање по основу одјаве пребивалишта,2
20.04.2026,26.04.2026,КУЧЕВО,Брисање по основу губитка пословне способности,1
20.04.2026,26.04.2026,КУЧЕВО,Брисање по основу смрти лица,9
20.04.2026,26.04.2026,КУЧЕВО,Брисање по службеној дужности,1
20.04.2026,26.04.2026,ЛАЈКОВАЦ,Упис по основу стицања пунолетства,4
20.04.2026,26.04.2026,ЛАЈКОВАЦ,Упис по основу пријаве пребивалишта,1
20.04.2026,26.04.2026,ЛАЈКОВАЦ,Промена личних података,2
20.04.2026,26.04.2026,ЛАЈКОВАЦ,Промена адресе пребивалишта,2
20.04.2026,26.04.2026,ЛАЈКОВАЦ,Брисање по основу одјаве пребивалишта,3
20.04.2026,26.04.2026,ЛАЈКОВАЦ,Брисање по основу смрти лица,3
20.04.2026,26.04.2026,ЛАПОВО,Промена личних података,3
20.04.2026,26.04.2026,ЛАПОВО,Брисање по основу одјаве пребивалишта,3
20.04.2026,26.04.2026,ЛЕБАНЕ,Упис по основу стицања пунолетства,9
20.04.2026,26.04.2026,ЛЕБАНЕ,Упис по основу пријаве пребивалишта,6
20.04.2026,26.04.2026,ЛЕБАНЕ,Промена личних података,2
20.04.2026,26.04.2026,ЛЕБАНЕ,Промена адресе пребивалишта,82
20.04.2026,26.04.2026,ЛЕБАНЕ,Брисање по основу одјаве пребивалишта,6
20.04.2026,26.04.2026,ЛЕБАНЕ,Брисање по основу смрти лица,5
20.04.2026,26.04.2026,ЛЕБАНЕ,Брисање по службеној дужности,1
20.04.2026,26.04.2026,ЛЕПОСАВИЋ,Упис по основу пријаве пребивалишта,4
20.04.2026,26.04.2026,ЛЕПОСАВИЋ,Промена личних података,1
20.04.2026,26.04.2026,ЛЕПОСАВИЋ,Брисање по основу одјаве пребивалишта,8
20.04.2026,26.04.2026,ЛЕПОСАВИЋ,Брисање по основу смрти лица,3
20.04.2026,26.04.2026,ЛЕСКОВАЦ - ГРАД,Упис по основу стицања пунолетства,31
20.04.2026,26.04.2026,ЛЕСКОВАЦ - ГРАД,Упис по основу пријаве пребивалишта,13
20.04.2026,26.04.2026,ЛЕСКОВАЦ - ГРАД,Промена личних података,17
20.04.2026,26.04.2026,ЛЕСКОВАЦ - ГРАД,Промена адресе пребивалишта,38
20.04.2026,26.04.2026,ЛЕСКОВАЦ - ГРАД,Брисање по основу одјаве пребивалишта,26
20.04.2026,26.04.2026,ЛЕСКОВАЦ - ГРАД,Брисање по основу губитка пословне способности,2
20.04.2026,26.04.2026,ЛЕСКОВАЦ - ГРАД,Брисање по основу смрти лица,38
20.04.2026,26.04.2026,ЛИПЉАН,Упис по основу стицања пунолетства,4
20.04.2026,26.04.2026,ЛИПЉАН,Упис по основу пријаве пребивалишта,1
20.04.2026,26.04.2026,ЛИПЉАН,Брисање по основу одјаве пребивалишта,2
20.04.2026,26.04.2026,ЛИПЉАН,Брисање по основу смрти лица,2
20.04.2026,26.04.2026,ЛИПЉАН,Брисање по службеној дужности,1
20.04.2026,26.04.2026,ЛОЗНИЦА - ГРАД,Упис по основу стицања пунолетства,9
20.04.2026,26.04.2026,ЛОЗНИЦА - ГРАД,Упис по основу пријаве пребивалишта,14
20.04.2026,26.04.2026,ЛОЗНИЦА - ГРАД,Промена личних података,49
20.04.2026,26.04.2026,ЛОЗНИЦА - ГРАД,Промена адресе пребивалишта,173
20.04.2026,26.04.2026,ЛОЗНИЦА - ГРАД,Брисање по основу одјаве пребивалишта,15
20.04.2026,26.04.2026,ЛОЗНИЦА - ГРАД,Брисање по основу смрти лица,23
20.04.2026,26.04.2026,ЛОЗНИЦА - ГРАД,Брисање боравишта интерно расељеног лица,2
20.04.2026,26.04.2026,ЛОЗНИЦА - ГРАД,Брисање по службеној дужности,10
20.04.2026,26.04.2026,ЛУЧАНИ,Упис по основу стицања пунолетства,5
20.04.2026,26.04.2026,ЛУЧАНИ,Упис по основу пријаве пребивалишта,5
20.04.2026,26.04.2026,ЛУЧАНИ,Промена личних података,1
20.04.2026,26.04.2026,ЛУЧАНИ,Промена адресе пребивалишта,5
20.04.2026,26.04.2026,ЛУЧАНИ,Брисање по основу одјаве пребивалишта,3
20.04.2026,26.04.2026,ЛУЧАНИ,Брисање по основу смрти лица,7
20.04.2026,26.04.2026,ЉИГ,Упис по основу стицања пунолетства,2
20.04.2026,26.04.2026,ЉИГ,Промена личних података,1
20.04.2026,26.04.2026,ЉИГ,Промена адресе пребивалишта,17
20.04.2026,26.04.2026,ЉИГ,Брисање по основу одјаве пребивалишта,4
20.04.2026,26.04.2026,ЉИГ,Брисање по основу смрти лица,4
20.04.2026,26.04.2026,ЉУБОВИЈА,Упис по основу стицања пунолетства,3
20.04.2026,26.04.2026,ЉУБОВИЈА,Упис по основу пријаве пребивалишта,3
20.04.2026,26.04.2026,ЉУБОВИЈА,Промена личних података,3
20.04.2026,26.04.2026,ЉУБОВИЈА,Промена адресе пребивалишта,20
20.04.2026,26.04.2026,ЉУБОВИЈА,Брисање по основу одјаве пребивалишта,2
20.04.2026,26.04.2026,ЉУБОВИЈА,Брисање по основу смрти лица,2
20.04.2026,26.04.2026,ЉУБОВИЈА,Брисање по службеној дужности,27
20.04.2026,26.04.2026,МАЈДАНПЕК,Упис по основу стицања пунолетства,3
20.04.2026,26.04.2026,МАЈДАНПЕК,Упис по основу пријаве пребивалишта,2
20.04.2026,26.04.2026,МАЈДАНПЕК,Промена личних података,3
20.04.2026,26.04.2026,МАЈДАНПЕК,Промена адресе пребивалишта,8
20.04.2026,26.04.2026,МАЈДАНПЕК,Брисање по основу одјаве пребивалишта,7
20.04.2026,26.04.2026,МАЈДАНПЕК,Брисање по основу смрти лица,11
20.04.2026,26.04.2026,МАЛИ ЗВОРНИК,Упис по основу стицања пунолетства,2
20.04.2026,26.04.2026,МАЛИ ЗВОРНИК,Упис по основу пријаве пребивалишта,4
20.04.2026,26.04.2026,МАЛИ ЗВОРНИК,Промена личних података,1
20.04.2026,26.04.2026,МАЛИ ЗВОРНИК,Промена адресе пребивалишта,7
20.04.2026,26.04.2026,МАЛИ ЗВОРНИК,Брисање по основу одјаве пребивалишта,7
20.04.2026,26.04.2026,МАЛИ ЗВОРНИК,Брисање по службеној дужности,17
20.04.2026,26.04.2026,МАЛИ ИЂОШ,Упис по основу стицања пунолетства,3
20.04.2026,26.04.2026,МАЛИ ИЂОШ,Упис по основу пријаве пребивалишта,5
20.04.2026,26.04.2026,МАЛИ ИЂОШ,Промена личних података,4
20.04.2026,26.04.2026,МАЛИ ИЂОШ,Промена адресе пребивалишта,2
20.04.2026,26.04.2026,МАЛИ ИЂОШ,Брисање по основу губитка пословне способности,1
20.04.2026,26.04.2026,МАЛИ ИЂОШ,Брисање по основу смрти лица,1
20.04.2026,26.04.2026,МАЛО ЦРНИЋЕ,Упис по основу стицања пунолетства,3
20.04.2026,26.04.2026,МАЛО ЦРНИЋЕ,Упис по основу пријаве пребивалишта,1
20.04.2026,26.04.2026,МАЛО ЦРНИЋЕ,Упис по основу пријема у држављанство,1
20.04.2026,26.04.2026,МАЛО ЦРНИЋЕ,Промена адресе пребивалишта,28
20.04.2026,26.04.2026,МАЛО ЦРНИЋЕ,Брисање по основу одјаве пребивалишта,1
20.04.2026,26.04.2026,МАЛО ЦРНИЋЕ,Брисање по основу смрти лица,5
20.04.2026,26.04.2026,МЕДВЕЂА,Упис по основу стицања пунолетства,1
20.04.2026,26.04.2026,МЕДВЕЂА,Упис по основу пријаве пребивалишта,1
20.04.2026,26.04.2026,МЕДВЕЂА,Промена личних података,1
20.04.2026,26.04.2026,МЕДВЕЂА,Промена адресе пребивалишта,18
20.04.2026,26.04.2026,МЕДВЕЂА,Брисање по основу одјаве пребивалишта,1
20.04.2026,26.04.2026,МЕДВЕЂА,Брисање по основу смрти лица,2
20.04.2026,26.04.2026,МЕРОШИНА,Упис по основу стицања пунолетства,3
20.04.2026,26.04.2026,МЕРОШИНА,Упис по основу пријаве пребивалишта,9
20.04.2026,26.04.2026,МЕРОШИНА,Упис по основу пријаве боравишта интерно расељеног лица,1
20.04.2026,26.04.2026,МЕРОШИНА,Промена адресе пребивалишта,29
20.04.2026,26.04.2026,МЕРОШИНА,Брисање по основу одјаве пребивалишта,6
20.04.2026,26.04.2026,МЕРОШИНА,Брисање по основу смрти лица,5
20.04.2026,26.04.2026,МИОНИЦА,Упис по основу пријаве пребивалишта,4
20.04.2026,26.04.2026,МИОНИЦА,Промена личних података,5
20.04.2026,26.04.2026,МИОНИЦА,Промена адресе пребивалишта,39
20.04.2026,26.04.2026,МИОНИЦА,Брисање по основу смрти лица,2
20.04.2026,26.04.2026,НЕГОТИН,Упис по основу стицања пунолетства,2
20.04.2026,26.04.2026,НЕГОТИН,Упис по основу пријаве пребивалишта,7
20.04.2026,26.04.2026,НЕГОТИН,Упис по основу пријаве боравишта интерно расељеног лица,1
20.04.2026,26.04.2026,НЕГОТИН,Промена личних података,2
20.04.2026,26.04.2026,НЕГОТИН,Промена адресе пребивалишта,49
20.04.2026,26.04.2026,НЕГОТИН,Брисање по основу одјаве пребивалишта,1
20.04.2026,26.04.2026,НЕГОТИН,Брисање по основу смрти лица,14
20.04.2026,26.04.2026,НЕГОТИН,Брисање боравишта интерно расељеног лица,1
20.04.2026,26.04.2026,НИШ-МЕДИЈАНА,Упис по основу стицања пунолетства,13
20.04.2026,26.04.2026,НИШ-МЕДИЈАНА,Упис по основу пријаве пребивалишта,58
20.04.2026,26.04.2026,НИШ-МЕДИЈАНА,Упис по основу пријаве боравишта интерно расељеног лица,1
20.04.2026,26.04.2026,НИШ-МЕДИЈАНА,Промена личних података,6
20.04.2026,26.04.2026,НИШ-МЕДИЈАНА,Промена адресе пребивалишта,30
20.04.2026,26.04.2026,НИШ-МЕДИЈАНА,Промена адресе боравишта интерно расељеног лица,1
20.04.2026,26.04.2026,НИШ-МЕДИЈАНА,Брисање по основу одјаве пребивалишта,28
20.04.2026,26.04.2026,НИШ-МЕДИЈАНА,Брисање по основу смрти лица,19
20.04.2026,26.04.2026,НИШ-МЕДИЈАНА,Брисање по службеној дужности,9
20.04.2026,26.04.2026,НИШ-НИШКА БАЊА,Упис по основу стицања пунолетства,3
20.04.2026,26.04.2026,НИШ-НИШКА БАЊА,Упис по основу пријаве пребивалишта,2
20.04.2026,26.04.2026,НИШ-НИШКА БАЊА,Промена личних података,3
20.04.2026,26.04.2026,НИШ-НИШКА БАЊА,Промена адресе пребивалишта,9
20.04.2026,26.04.2026,НИШ-НИШКА БАЊА,Брисање по основу одјаве пребивалишта,2
20.04.2026,26.04.2026,НИШ-НИШКА БАЊА,Брисање по основу смрти лица,4
20.04.2026,26.04.2026,НИШ-ПАЛИЛУЛА,Упис по основу стицања пунолетства,17
20.04.2026,26.04.2026,НИШ-ПАЛИЛУЛА,Упис по основу пријаве пребивалишта,34
20.04.2026,26.04.2026,НИШ-ПАЛИЛУЛА,Промена личних података,4
20.04.2026,26.04.2026,НИШ-ПАЛИЛУЛА,Промена адресе пребивалишта,35
20.04.2026,26.04.2026,НИШ-ПАЛИЛУЛА,Брисање по основу одјаве пребивалишта,20
20.04.2026,26.04.2026,НИШ-ПАЛИЛУЛА,Брисање по основу смрти лица,16
20.04.2026,26.04.2026,НИШ-ПАЛИЛУЛА,Брисање по службеној дужности,6
20.04.2026,26.04.2026,НИШ-ПАНТЕЛЕЈ,Упис по основу стицања пунолетства,7
20.04.2026,26.04.2026,НИШ-ПАНТЕЛЕЈ,Упис по основу пријаве пребивалишта,23
20.04.2026,26.04.2026,НИШ-ПАНТЕЛЕЈ,Упис по основу пријаве боравишта интерно расељеног лица,1
20.04.2026,26.04.2026,НИШ-ПАНТЕЛЕЈ,Промена личних података,4
20.04.2026,26.04.2026,НИШ-ПАНТЕЛЕЈ,Промена адресе пребивалишта,34
20.04.2026,26.04.2026,НИШ-ПАНТЕЛЕЈ,Брисање по основу одјаве пребивалишта,25
20.04.2026,26.04.2026,НИШ-ПАНТЕЛЕЈ,Брисање по основу смрти лица,10
20.04.2026,26.04.2026,НИШ-ПАНТЕЛЕЈ,Брисање боравишта интерно расељеног лица,2
20.04.2026,26.04.2026,НИШ-ПАНТЕЛЕЈ,Брисање по службеној дужности,3
20.04.2026,26.04.2026,НИШ-ЦРВЕНИ КРСТ,Упис по основу стицања пунолетства,7
20.04.2026,26.04.2026,НИШ-ЦРВЕНИ КРСТ,Упис по основу пријаве пребивалишта,13
20.04.2026,26.04.2026,НИШ-ЦРВЕНИ КРСТ,Промена личних података,5
20.04.2026,26.04.2026,НИШ-ЦРВЕНИ КРСТ,Промена адресе пребивалишта,19
20.04.2026,26.04.2026,НИШ-ЦРВЕНИ КРСТ,Брисање по основу одјаве пребивалишта,8
20.04.2026,26.04.2026,НИШ-ЦРВЕНИ КРСТ,Брисање по основу смрти лица,7
20.04.2026,26.04.2026,НИШ-ЦРВЕНИ КРСТ,Брисање по службеној дужности,2
20.04.2026,26.04.2026,НОВА ВАРОШ,Упис по основу стицања пунолетства,2
20.04.2026,26.04.2026,НОВА ВАРОШ,Упис по основу пријаве пребивалишта,2
20.04.2026,26.04.2026,НОВА ВАРОШ,Промена адресе пребивалишта,5
20.04.2026,26.04.2026,НОВА ВАРОШ,Брисање по основу одјаве пребивалишта,6
20.04.2026,26.04.2026,НОВА ВАРОШ,Брисање по основу смрти лица,3
20.04.2026,26.04.2026,НОВА ЦРЊА,Упис по основу стицања пунолетства,3
20.04.2026,26.04.2026,НОВА ЦРЊА,Упис по основу пријаве пребивалишта,4
20.04.2026,26.04.2026,НОВА ЦРЊА,Промена адресе пребивалишта,3
20.04.2026,26.04.2026,НОВА ЦРЊА,Брисање по основу одјаве пребивалишта,2
20.04.2026,26.04.2026,НОВА ЦРЊА,Брисање по основу смрти лица,5
20.04.2026,26.04.2026,НОВА ЦРЊА,Брисање боравишта интерно расељеног лица,1
20.04.2026,26.04.2026,НОВИ БЕЧЕЈ,Упис по основу стицања пунолетства,4
20.04.2026,26.04.2026,НОВИ БЕЧЕЈ,Упис по основу пријаве пребивалишта,2
20.04.2026,26.04.2026,НОВИ БЕЧЕЈ,Промена личних података,3
20.04.2026,26.04.2026,НОВИ БЕЧЕЈ,Промена адресе пребивалишта,11
20.04.2026,26.04.2026,НОВИ БЕЧЕЈ,Брисање по основу одјаве пребивалишта,18
20.04.2026,26.04.2026,НОВИ БЕЧЕЈ,Брисање по основу смрти лица,7
20.04.2026,26.04.2026,НОВИ КНЕЖЕВАЦ,Упис по основу стицања пунолетства,4
20.04.2026,26.04.2026,НОВИ КНЕЖЕВАЦ,Промена адресе пребивалишта,1
20.04.2026,26.04.2026,НОВИ КНЕЖЕВАЦ,Брисање по основу одјаве пребивалишта,6
20.04.2026,26.04.2026,НОВИ КНЕЖЕВАЦ,Брисање по основу смрти лица,2
20.04.2026,26.04.2026,НОВИ КНЕЖЕВАЦ,Брисање по службеној дужности,1
20.04.2026,26.04.2026,НОВИ ПАЗАР - ГРАД,Упис по основу стицања пунолетства,36
20.04.2026,26.04.2026,НОВИ ПАЗАР - ГРАД,Упис по основу пријаве пребивалишта,6
20.04.2026,26.04.2026,НОВИ ПАЗАР - ГРАД,Промена личних података,12
20.04.2026,26.04.2026,НОВИ ПАЗАР - ГРАД,Промена адресе пребивалишта,103
20.04.2026,26.04.2026,НОВИ ПАЗАР - ГРАД,Брисање по основу одјаве пребивалишта,8
20.04.2026,26.04.2026,НОВИ ПАЗАР - ГРАД,Брисање по основу смрти лица,17
20.04.2026,26.04.2026,НОВИ ПАЗАР - ГРАД,Исправка техничке грешке,1
20.04.2026,26.04.2026,НОВИ САД - ГРАД,Упис по основу стицања пунолетства,77
20.04.2026,26.04.2026,НОВИ САД - ГРАД,Упис по основу пријаве пребивалишта,178
20.04.2026,26.04.2026,НОВИ САД - ГРАД,Промена личних података,72
20.04.2026,26.04.2026,НОВИ САД - ГРАД,Промена адресе пребивалишта,271
20.04.2026,26.04.2026,НОВИ САД - ГРАД,Брисање по основу одјаве пребивалишта,60
20.04.2026,26.04.2026,НОВИ САД - ГРАД,Брисање по основу смрти лица,70
20.04.2026,26.04.2026,НОВИ САД - ГРАД,Брисање по службеној дужности,57
20.04.2026,26.04.2026,ОБИЛИЋ,Брисање по основу одјаве пребивалишта,2
20.04.2026,26.04.2026,ОПОВО,Упис по основу пријаве пребивалишта,1
20.04.2026,26.04.2026,ОПОВО,Промена личних података,1
20.04.2026,26.04.2026,ОПОВО,Промена адресе пребивалишта,4
20.04.2026,26.04.2026,ОПОВО,Брисање по основу одјаве пребивалишта,3
20.04.2026,26.04.2026,ОРАХОВАЦ,Брисање по основу одјаве пребивалишта,2
20.04.2026,26.04.2026,ОСЕЧИНА,Упис по основу стицања пунолетства,4
20.04.2026,26.04.2026,ОСЕЧИНА,Упис по основу пријаве пребивалишта,1
20.04.2026,26.04.2026,ОСЕЧИНА,Промена личних података,1
20.04.2026,26.04.2026,ОСЕЧИНА,Промена адресе пребивалишта,2
20.04.2026,26.04.2026,ОСЕЧИНА,Брисање по основу одјаве пребивалишта,3
20.04.2026,26.04.2026,ОСЕЧИНА,Брисање по основу смрти лица,4
20.04.2026,26.04.2026,ОЏАЦИ,Упис по основу стицања пунолетства,2
20.04.2026,26.04.2026,ОЏАЦИ,Упис по основу пријаве пребивалишта,13
20.04.2026,26.04.2026,ОЏАЦИ,Промена личних података,8
20.04.2026,26.04.2026,ОЏАЦИ,Промена адресе пребивалишта,6
20.04.2026,26.04.2026,ОЏАЦИ,Брисање по основу одјаве пребивалишта,10
20.04.2026,26.04.2026,ОЏАЦИ,Брисање по основу смрти лица,4
20.04.2026,26.04.2026,ПАНЧЕВО - ГРАД,Упис по основу стицања пунолетства,28
20.04.2026,26.04.2026,ПАНЧЕВО - ГРАД,Упис по основу пријаве пребивалишта,50
20.04.2026,26.04.2026,ПАНЧЕВО - ГРАД,Упис по основу пријаве боравишта интерно расељеног лица,1
20.04.2026,26.04.2026,ПАНЧЕВО - ГРАД,Промена личних података,15
20.04.2026,26.04.2026,ПАНЧЕВО - ГРАД,Промена адресе пребивалишта,81
20.04.2026,26.04.2026,ПАНЧЕВО - ГРАД,Брисање по основу отпуста из држављанства,1
20.04.2026,26.04.2026,ПАНЧЕВО - ГРАД,Брисање по основу одјаве пребивалишта,15
20.04.2026,26.04.2026,ПАНЧЕВО - ГРАД,Брисање по основу смрти лица,41
20.04.2026,26.04.2026,ПАНЧЕВО - ГРАД,Брисање по службеној дужности,1
20.04.2026,26.04.2026,ПАРАЋИН,Упис по основу стицања пунолетства,15
20.04.2026,26.04.2026,ПАРАЋИН,Упис по основу пријаве пребивалишта,10
20.04.2026,26.04.2026,ПАРАЋИН,Промена личних података,5
20.04.2026,26.04.2026,ПАРАЋИН,Промена адресе пребивалишта,152
20.04.2026,26.04.2026,ПАРАЋИН,Промена адресе боравишта интерно расељеног лица,4
20.04.2026,26.04.2026,ПАРАЋИН,Брисање по основу отпуста из држављанства,1
20.04.2026,26.04.2026,ПАРАЋИН,Брисање по основу одјаве пребивалишта,3
20.04.2026,26.04.2026,ПАРАЋИН,Брисање по основу смрти лица,10
20.04.2026,26.04.2026,ПАРАЋИН,Брисање боравишта интерно расељеног лица,2
20.04.2026,26.04.2026,ПАРАЋИН,Брисање по службеној дужности,1
20.04.2026,26.04.2026,ПЕТРОВАЦ НА МЛАВИ,Упис по основу стицања пунолетства,5
20.04.2026,26.04.2026,ПЕТРОВАЦ НА МЛАВИ,Промена адресе пребивалишта,1
20.04.2026,26.04.2026,ПЕТРОВАЦ НА МЛАВИ,Брисање по основу одјаве пребивалишта,2
20.04.2026,26.04.2026,ПЕТРОВАЦ НА МЛАВИ,Брисање по основу смрти лица,8
20.04.2026,26.04.2026,ПЕТРОВАЦ НА МЛАВИ,Потврда о упису у бирачки списак,1
20.04.2026,26.04.2026,ПЕТРОВАЦ НА МЛАВИ,Потврда о изборном праву,1
20.04.2026,26.04.2026,ПЕЋ,Брисање по основу одјаве пребивалишта,6
20.04.2026,26.04.2026,ПЕЋИНЦИ,Упис по основу стицања пунолетства,3
20.04.2026,26.04.2026,ПЕЋИНЦИ,Упис по основу пријаве пребивалишта,3
20.04.2026,26.04.2026,ПЕЋИНЦИ,Промена личних података,1
20.04.2026,26.04.2026,ПЕЋИНЦИ,Промена адресе пребивалишта,5
20.04.2026,26.04.2026,ПЕЋИНЦИ,Брисање по основу одјаве пребивалишта,1
20.04.2026,26.04.2026,ПЕЋИНЦИ,Брисање по основу смрти лица,4
20.04.2026,26.04.2026,ПИРОТ - ГРАД,Упис по основу стицања пунолетства,8
20.04.2026,26.04.2026,ПИРОТ - ГРАД,Упис по основу пријаве пребивалишта,5
20.04.2026,26.04.2026,ПИРОТ - ГРАД,Промена личних података,5
20.04.2026,26.04.2026,ПИРОТ - ГРАД,Промена адресе пребивалишта,20
20.04.2026,26.04.2026,ПИРОТ - ГРАД,Брисање по основу одјаве пребивалишта,2
20.04.2026,26.04.2026,ПИРОТ - ГРАД,Брисање по основу смрти лица,13
20.04.2026,26.04.2026,ПИРОТ - ГРАД,Брисање по службеној дужности,1
20.04.2026,26.04.2026,ПЛАНДИШТЕ,Упис по основу стицања пунолетства,1
20.04.2026,26.04.2026,ПЛАНДИШТЕ,Упис по основу пријаве пребивалишта,1
20.04.2026,26.04.2026,ПЛАНДИШТЕ,Промена личних података,1
20.04.2026,26.04.2026,ПЛАНДИШТЕ,Брисање по основу одјаве пребивалишта,2
20.04.2026,26.04.2026,ПЛАНДИШТЕ,Брисање по основу смрти лица,4
20.04.2026,26.04.2026,ПОЖАРЕВАЦ,Упис по основу стицања пунолетства,16
20.04.2026,26.04.2026,ПОЖАРЕВАЦ,Упис по основу пријаве пребивалишта,20
20.04.2026,26.04.2026,ПОЖАРЕВАЦ,Упис по основу пријема у држављанство,1
20.04.2026,26.04.2026,ПОЖАРЕВАЦ,Промена личних података,8
20.04.2026,26.04.2026,ПОЖАРЕВАЦ,Промена адресе пребивалишта,61
20.04.2026,26.04.2026,ПОЖАРЕВАЦ,Брисање по основу одјаве пребивалишта,8
20.04.2026,26.04.2026,ПОЖАРЕВАЦ,Брисање по основу смрти лица,10
20.04.2026,26.04.2026,ПОЖАРЕВАЦ,Брисање по службеној дужности,5
20.04.2026,26.04.2026,ПОЖАРЕВАЦ-КОСТОЛАЦ,Упис по основу стицања пунолетства,3
20.04.2026,26.04.2026,ПОЖАРЕВАЦ-КОСТОЛАЦ,Упис по основу пријаве пребивалишта,3
20.04.2026,26.04.2026,ПОЖАРЕВАЦ-КОСТОЛАЦ,Промена личних података,2
20.04.2026,26.04.2026,ПОЖАРЕВАЦ-КОСТОЛАЦ,Промена адресе пребивалишта,7
20.04.2026,26.04.2026,ПОЖАРЕВАЦ-КОСТОЛАЦ,Промена адресе боравишта интерно расељеног лица,1
20.04.2026,26.04.2026,ПОЖАРЕВАЦ-КОСТОЛАЦ,Брисање по основу одјаве пребивалишта,11
20.04.2026,26.04.2026,ПОЖАРЕВАЦ-КОСТОЛАЦ,Брисање по основу смрти лица,1
20.04.2026,26.04.2026,ПОЖЕГА,Упис по основу стицања пунолетства,7
20.04.2026,26.04.2026,ПОЖЕГА,Упис по основу пријаве пребивалишта,4
20.04.2026,26.04.2026,ПОЖЕГА,Промена личних података,3
20.04.2026,26.04.2026,ПОЖЕГА,Промена адресе пребивалишта,38
20.04.2026,26.04.2026,ПОЖЕГА,Брисање по основу одјаве пребивалишта,8
20.04.2026,26.04.2026,ПОЖЕГА,Брисање по основу смрти лица,6
20.04.2026,26.04.2026,ПОЖЕГА,Исправка техничке грешке,1
20.04.2026,26.04.2026,ПОЖЕГА,Брисање по службеној дужности,2
20.04.2026,26.04.2026,ПРЕШЕВО,Упис по основу стицања пунолетства,5
20.04.2026,26.04.2026,ПРЕШЕВО,Упис по основу пријаве пребивалишта,22
20.04.2026,26.04.2026,ПРЕШЕВО,Промена личних података,3
20.04.2026,26.04.2026,ПРЕШЕВО,Промена адресе пребивалишта,121
20.04.2026,26.04.2026,ПРЕШЕВО,Брисање по основу одјаве пребивалишта,1
20.04.2026,26.04.2026,ПРЕШЕВО,Брисање по основу смрти лица,4
20.04.2026,26.04.2026,ПРЕШЕВО,Исправка техничке грешке,1
20.04.2026,26.04.2026,ПРИБОЈ,Упис по основу стицања пунолетства,2
20.04.2026,26.04.2026,ПРИБОЈ,Промена адресе пребивалишта,5
20.04.2026,26.04.2026,ПРИБОЈ,Брисање по основу одјаве пребивалишта,7
20.04.2026,26.04.2026,ПРИБОЈ,Брисање по основу смрти лица,10
20.04.2026,26.04.2026,ПРИЗРЕН,Упис по основу стицања пунолетства,2
20.04.2026,26.04.2026,ПРИЗРЕН,Упис по основу пријаве пребивалишта,1
20.04.2026,26.04.2026,ПРИЗРЕН,Брисање по основу одјаве пребивалишта,3
20.04.2026,26.04.2026,ПРИЗРЕН,Брисање по основу смрти лица,1
20.04.2026,26.04.2026,ПРИЈЕПОЉЕ,Упис по основу пријаве пребивалишта,5
20.04.2026,26.04.2026,ПРИЈЕПОЉЕ,Промена личних података,3
20.04.2026,26.04.2026,ПРИЈЕПОЉЕ,Промена адресе пребивалишта,182
20.04.2026,26.04.2026,ПРИЈЕПОЉЕ,Брисање по основу одјаве пребивалишта,5
20.04.2026,26.04.2026,ПРИЈЕПОЉЕ,Брисање по основу смрти лица,5
20.04.2026,26.04.2026,ПРИЈЕПОЉЕ,Потврда о упису у бирачки списак,2
20.04.2026,26.04.2026,ПРИШТИНА - ГРАД,Промена личних података,1
20.04.2026,26.04.2026,ПРИШТИНА - ГРАД,Брисање по основу одјаве пребивалишта,9
20.04.2026,26.04.2026,ПРИШТИНА - ГРАД,Брисање по основу смрти лица,1
20.04.2026,26.04.2026,ПРОКУПЉЕ - ГРАД,Промена личних података,4
20.04.2026,26.04.2026,ПРОКУПЉЕ - ГРАД,Промена адресе пребивалишта,2
20.04.2026,26.04.2026,ПРОКУПЉЕ - ГРАД,Брисање по основу одјаве пребивалишта,10
20.04.2026,26.04.2026,ПРОКУПЉЕ - ГРАД,Брисање по основу смрти лица,13
20.04.2026,26.04.2026,ПРОКУПЉЕ - ГРАД,Брисање по службеној дужности,3
20.04.2026,26.04.2026,РАЖАЊ,Упис по основу стицања пунолетства,1
20.04.2026,26.04.2026,РАЖАЊ,Промена адресе пребивалишта,16
20.04.2026,26.04.2026,РАЖАЊ,Брисање по основу смрти лица,5
20.04.2026,26.04.2026,РАЧА,Упис по основу стицања пунолетства,4
20.04.2026,26.04.2026,РАЧА,Упис по основу пријаве пребивалишта,4
20.04.2026,26.04.2026,РАЧА,Промена личних података,2
20.04.2026,26.04.2026,РАЧА,Промена адресе пребивалишта,15
20.04.2026,26.04.2026,РАЧА,Брисање по основу одјаве пребивалишта,1
20.04.2026,26.04.2026,РАЧА,Брисање по основу смрти лица,1
20.04.2026,26.04.2026,РАШКА,Упис по основу пријаве пребивалишта,8
20.04.2026,26.04.2026,РАШКА,Промена личних података,4
20.04.2026,26.04.2026,РАШКА,Промена адресе пребивалишта,16
20.04.2026,26.04.2026,РАШКА,Брисање по основу одјаве пребивалишта,7
20.04.2026,26.04.2026,РАШКА,Брисање по основу смрти лица,9
20.04.2026,26.04.2026,РЕКОВАЦ,Упис по основу стицања пунолетства,1
20.04.2026,26.04.2026,РЕКОВАЦ,Упис по основу пријаве пребивалишта,2
20.04.2026,26.04.2026,РЕКОВАЦ,Промена личних података,2
20.04.2026,26.04.2026,РЕКОВАЦ,Промена адресе пребивалишта,25
20.04.2026,26.04.2026,РЕКОВАЦ,Брисање по основу смрти лица,5
20.04.2026,26.04.2026,РУМА,Упис по основу стицања пунолетства,6
20.04.2026,26.04.2026,РУМА,Упис по основу пријаве пребивалишта,16
20.04.2026,26.04.2026,РУМА,Промена личних података,5
20.04.2026,26.04.2026,РУМА,Промена адресе пребивалишта,25
20.04.2026,26.04.2026,РУМА,Брисање по основу одјаве пребивалишта,8
20.04.2026,26.04.2026,РУМА,Брисање по основу смрти лица,15
20.04.2026,26.04.2026,СВИЛАЈНАЦ,Упис по основу стицања пунолетства,3
20.04.2026,26.04.2026,СВИЛАЈНАЦ,Упис по основу пријаве пребивалишта,6
20.04.2026,26.04.2026,СВИЛАЈНАЦ,Упис по основу пријаве боравишта интерно расељеног лица,1
20.04.2026,26.04.2026,СВИЛАЈНАЦ,Промена личних података,6
20.04.2026,26.04.2026,СВИЛАЈНАЦ,Промена адресе пребивалишта,397
20.04.2026,26.04.2026,СВИЛАЈНАЦ,Брисање по основу одјаве пребивалишта,2
20.04.2026,26.04.2026,СВИЛАЈНАЦ,Брисање по основу смрти лица,14
20.04.2026,26.04.2026,СВИЛАЈНАЦ,Исправка техничке грешке,2
20.04.2026,26.04.2026,СВИЛАЈНАЦ,Брисање по службеној дужности,1
20.04.2026,26.04.2026,СВРЉИГ,Упис по основу стицања пунолетства,3
20.04.2026,26.04.2026,СВРЉИГ,Упис по основу пријаве пребивалишта,1
20.04.2026,26.04.2026,СВРЉИГ,Упис по основу пријема у држављанство,1
20.04.2026,26.04.2026,СВРЉИГ,Промена личних података,1
20.04.2026,26.04.2026,СВРЉИГ,Промена адресе пребивалишта,24
20.04.2026,26.04.2026,СВРЉИГ,Брисање по основу одјаве пребивалишта,3
20.04.2026,26.04.2026,СВРЉИГ,Брисање по основу смрти лица,8
20.04.2026,26.04.2026,СЕНТА,Упис по основу стицања пунолетства,5
20.04.2026,26.04.2026,СЕНТА,Упис по основу пријаве пребивалишта,2
20.04.2026,26.04.2026,СЕНТА,Промена личних података,1
20.04.2026,26.04.2026,СЕНТА,Промена адресе пребивалишта,2
20.04.2026,26.04.2026,СЕНТА,Брисање по основу одјаве пребивалишта,4
20.04.2026,26.04.2026,СЕНТА,Брисање по основу губитка пословне способности,1
20.04.2026,26.04.2026,СЕНТА,Брисање по основу смрти лица,5
20.04.2026,26.04.2026,СЕЧАЊ,Упис по основу стицања пунолетства,1
20.04.2026,26.04.2026,СЕЧАЊ,Упис по основу пријаве пребивалишта,4
20.04.2026,26.04.2026,СЕЧАЊ,Промена адресе пребивалишта,7
20.04.2026,26.04.2026,СЕЧАЊ,Брисање по основу одјаве пребивалишта,5
20.04.2026,26.04.2026,СЕЧАЊ,Брисање по основу смрти лица,2
20.04.2026,26.04.2026,СЈЕНИЦА,Упис по основу стицања пунолетства,11
20.04.2026,26.04.2026,СЈЕНИЦА,Упис по основу пријаве пребивалишта,3
20.04.2026,26.04.2026,СЈЕНИЦА,Промена личних података,2
20.04.2026,26.04.2026,СЈЕНИЦА,Промена адресе пребивалишта,95
20.04.2026,26.04.2026,СЈЕНИЦА,Брисање по основу отпуста из држављанства,1
20.04.2026,26.04.2026,СЈЕНИЦА,Брисање по основу одјаве пребивалишта,6
20.04.2026,26.04.2026,СЈЕНИЦА,Брисање по основу смрти лица,5
20.04.2026,26.04.2026,СМЕДЕРЕВО - ГРАД,Упис по основу стицања пунолетства,25
20.04.2026,26.04.2026,СМЕДЕРЕВО - ГРАД,Упис по основу пријаве пребивалишта,13
20.04.2026,26.04.2026,СМЕДЕРЕВО - ГРАД,Упис по основу пријаве боравишта интерно расељеног лица,4
20.04.2026,26.04.2026,СМЕДЕРЕВО - ГРАД,Промена личних података,60
20.04.2026,26.04.2026,СМЕДЕРЕВО - ГРАД,Промена адресе пребивалишта,597
20.04.2026,26.04.2026,СМЕДЕРЕВО - ГРАД,Промена адресе боравишта интерно расељеног лица,1
20.04.2026,26.04.2026,СМЕДЕРЕВО - ГРАД,Брисање по основу одјаве пребивалишта,11
20.04.2026,26.04.2026,СМЕДЕРЕВО - ГРАД,Брисање по основу смрти лица,25
20.04.2026,26.04.2026,СМЕДЕРЕВО - ГРАД,Брисање по службеној дужности,1
20.04.2026,26.04.2026,СМЕДЕРЕВСКА ПАЛАНКА,Упис по основу стицања пунолетства,12
20.04.2026,26.04.2026,СМЕДЕРЕВСКА ПАЛАНКА,Упис по основу пријаве пребивалишта,11
20.04.2026,26.04.2026,СМЕДЕРЕВСКА ПАЛАНКА,Промена личних података,6
20.04.2026,26.04.2026,СМЕДЕРЕВСКА ПАЛАНКА,Промена адресе пребивалишта,151
20.04.2026,26.04.2026,СМЕДЕРЕВСКА ПАЛАНКА,Брисање по основу одјаве пребивалишта,8
20.04.2026,26.04.2026,СМЕДЕРЕВСКА ПАЛАНКА,Брисање по основу смрти лица,14
20.04.2026,26.04.2026,СМЕДЕРЕВСКА ПАЛАНКА,Брисање по службеној дужности,5
20.04.2026,26.04.2026,СОКОБАЊА,Упис по основу стицања пунолетства,2
20.04.2026,26.04.2026,СОКОБАЊА,Упис по основу пријаве пребивалишта,8
20.04.2026,26.04.2026,СОКОБАЊА,Промена адресе пребивалишта,4
20.04.2026,26.04.2026,СОКОБАЊА,Брисање по основу одјаве пребивалишта,2
20.04.2026,26.04.2026,СОКОБАЊА,Брисање по основу смрти лица,9
20.04.2026,26.04.2026,СОМБОР - ГРАД,Упис по основу стицања пунолетства,10
20.04.2026,26.04.2026,СОМБОР - ГРАД,Упис по основу пријаве пребивалишта,11
20.04.2026,26.04.2026,СОМБОР - ГРАД,Промена личних података,17
20.04.2026,26.04.2026,СОМБОР - ГРАД,Промена адресе пребивалишта,30
20.04.2026,26.04.2026,СОМБОР - ГРАД,Брисање по основу одјаве пребивалишта,9
20.04.2026,26.04.2026,СОМБОР - ГРАД,Брисање по основу смрти лица,18
20.04.2026,26.04.2026,СОМБОР - ГРАД,Брисање по службеној дужности,6
20.04.2026,26.04.2026,СРБОБРАН,Упис по основу стицања пунолетства,2
20.04.2026,26.04.2026,СРБОБРАН,Упис по основу пријаве пребивалишта,6
20.04.2026,26.04.2026,СРБОБРАН,Промена личних података,3
20.04.2026,26.04.2026,СРБОБРАН,Промена адресе пребивалишта,3
20.04.2026,26.04.2026,СРБОБРАН,Брисање по основу одјаве пребивалишта,5
20.04.2026,26.04.2026,СРБОБРАН,Брисање по основу смрти лица,3
20.04.2026,26.04.2026,СРЕМСКА МИТРОВИЦА - ГРАД,Упис по основу стицања пунолетства,13
20.04.2026,26.04.2026,СРЕМСКА МИТРОВИЦА - ГРАД,Упис по основу пријаве пребивалишта,13
20.04.2026,26.04.2026,СРЕМСКА МИТРОВИЦА - ГРАД,Промена личних података,11
20.04.2026,26.04.2026,СРЕМСКА МИТРОВИЦА - ГРАД,Промена адресе пребивалишта,58
20.04.2026,26.04.2026,СРЕМСКА МИТРОВИЦА - ГРАД,Брисање по основу одјаве пребивалишта,11
20.04.2026,26.04.2026,СРЕМСКА МИТРОВИЦА - ГРАД,Брисање по основу смрти лица,20
20.04.2026,26.04.2026,СРЕМСКА МИТРОВИЦА - ГРАД,Брисање по службеној дужности,1
20.04.2026,26.04.2026,СРЕМСКИ КАРЛОВЦИ,Упис по основу стицања пунолетства,1
20.04.2026,26.04.2026,СРЕМСКИ КАРЛОВЦИ,Упис по основу пријаве пребивалишта,5
20.04.2026,26.04.2026,СРЕМСКИ КАРЛОВЦИ,Промена адресе пребивалишта,4
20.04.2026,26.04.2026,СРЕМСКИ КАРЛОВЦИ,Брисање по основу одјаве пребивалишта,2
20.04.2026,26.04.2026,СРЕМСКИ КАРЛОВЦИ,Брисање по основу смрти лица,2
20.04.2026,26.04.2026,СТАРА ПАЗОВА,Упис по основу стицања пунолетства,10
20.04.2026,26.04.2026,СТАРА ПАЗОВА,Упис по основу пријаве пребивалишта,18
20.04.2026,26.04.2026,СТАРА ПАЗОВА,Промена личних података,7
20.04.2026,26.04.2026,СТАРА ПАЗОВА,Промена адресе пребивалишта,23
20.04.2026,26.04.2026,СТАРА ПАЗОВА,Брисање по основу одјаве пребивалишта,12
20.04.2026,26.04.2026,СТАРА ПАЗОВА,Брисање по основу губитка пословне способности,1
20.04.2026,26.04.2026,СТАРА ПАЗОВА,Брисање по основу смрти лица,7
20.04.2026,26.04.2026,СТАРА ПАЗОВА,Брисање по службеној дужности,11
20.04.2026,26.04.2026,СУБОТИЦА - ГРАД,Упис по основу стицања пунолетства,43
20.04.2026,26.04.2026,СУБОТИЦА - ГРАД,Упис по основу пријаве пребивалишта,19
20.04.2026,26.04.2026,СУБОТИЦА - ГРАД,Упис по основу пријема у држављанство,1
20.04.2026,26.04.2026,СУБОТИЦА - ГРАД,Промена личних података,168
20.04.2026,26.04.2026,СУБОТИЦА - ГРАД,Промена адресе пребивалишта,62
20.04.2026,26.04.2026,СУБОТИЦА - ГРАД,Брисање по основу одјаве пребивалишта,24
20.04.2026,26.04.2026,СУБОТИЦА - ГРАД,Брисање по основу смрти лица,36
20.04.2026,26.04.2026,СУБОТИЦА - ГРАД,Исправка техничке грешке,1
20.04.2026,26.04.2026,СУБОТИЦА - ГРАД,Брисање по службеној дужности,1
20.04.2026,26.04.2026,СУРДУЛИЦА,Упис по основу стицања пунолетства,5
20.04.2026,26.04.2026,СУРДУЛИЦА,Упис по основу пријаве пребивалишта,1
20.04.2026,26.04.2026,СУРДУЛИЦА,Промена личних података,3
20.04.2026,26.04.2026,СУРДУЛИЦА,Промена адресе пребивалишта,58
20.04.2026,26.04.2026,СУРДУЛИЦА,Брисање по основу одјаве пребивалишта,7
20.04.2026,26.04.2026,СУРДУЛИЦА,Брисање по основу смрти лица,6
20.04.2026,26.04.2026,СУРДУЛИЦА,Брисање по службеној дужности,3
20.04.2026,26.04.2026,ТЕМЕРИН,Упис по основу стицања пунолетства,2
20.04.2026,26.04.2026,ТЕМЕРИН,Упис по основу пријаве пребивалишта,2
20.04.2026,26.04.2026,ТЕМЕРИН,Промена адресе пребивалишта,1
20.04.2026,26.04.2026,ТЕМЕРИН,Брисање по основу одјаве пребивалишта,5
20.04.2026,26.04.2026,ТЕМЕРИН,Брисање по основу смрти лица,2
20.04.2026,26.04.2026,ТИТЕЛ,Упис по основу стицања пунолетства,2
20.04.2026,26.04.2026,ТИТЕЛ,Упис по основу пријаве пребивалишта,3
20.04.2026,26.04.2026,ТИТЕЛ,Промена личних података,4
20.04.2026,26.04.2026,ТИТЕЛ,Промена адресе пребивалишта,5
20.04.2026,26.04.2026,ТИТЕЛ,Брисање по основу одјаве пребивалишта,8
20.04.2026,26.04.2026,ТИТЕЛ,Брисање по основу смрти лица,6
20.04.2026,26.04.2026,ТОПОЛА,Упис по основу стицања пунолетства,3
20.04.2026,26.04.2026,ТОПОЛА,Упис по основу пријаве пребивалишта,5
20.04.2026,26.04.2026,ТОПОЛА,Промена личних података,2
20.04.2026,26.04.2026,ТОПОЛА,Промена адресе пребивалишта,5
20.04.2026,26.04.2026,ТОПОЛА,Брисање по основу одјаве пребивалишта,3
20.04.2026,26.04.2026,ТОПОЛА,Брисање по основу смрти лица,6
20.04.2026,26.04.2026,ТРГОВИШТЕ,Промена адресе пребивалишта,10
20.04.2026,26.04.2026,ТРГОВИШТЕ,Брисање по основу одјаве пребивалишта,1
20.04.2026,26.04.2026,ТРСТЕНИК,Упис по основу стицања пунолетства,5
20.04.2026,26.04.2026,ТРСТЕНИК,Упис по основу пријаве пребивалишта,4
20.04.2026,26.04.2026,ТРСТЕНИК,Промена личних података,3
20.04.2026,26.04.2026,ТРСТЕНИК,Промена адресе пребивалишта,12
20.04.2026,26.04.2026,ТРСТЕНИК,Брисање по основу одјаве пребивалишта,2
20.04.2026,26.04.2026,ТРСТЕНИК,Брисање по основу смрти лица,10
20.04.2026,26.04.2026,ТРСТЕНИК,Брисање по службеној дужности,3
20.04.2026,26.04.2026,ТУТИН,Упис по основу стицања пунолетства,12
20.04.2026,26.04.2026,ТУТИН,Упис по основу пријаве пребивалишта,1
20.04.2026,26.04.2026,ТУТИН,Промена личних података,3
20.04.2026,26.04.2026,ТУТИН,Промена адресе пребивалишта,85
20.04.2026,26.04.2026,ТУТИН,Брисање по основу одјаве пребивалишта,3
20.04.2026,26.04.2026,ТУТИН,Брисање по основу смрти лица,7
20.04.2026,26.04.2026,ТУТИН,Брисање боравишта интерно расељеног лица,1
20.04.2026,26.04.2026,ЋИЋЕВАЦ,Упис по основу пријаве пребивалишта,4
20.04.2026,26.04.2026,ЋИЋЕВАЦ,Промена адресе пребивалишта,2
20.04.2026,26.04.2026,ЋИЋЕВАЦ,Брисање по основу одјаве пребивалишта,3
20.04.2026,26.04.2026,ЋИЋЕВАЦ,Брисање по основу смрти лица,2
20.04.2026,26.04.2026,ЋУПРИЈА,Упис по основу пријаве пребивалишта,1
20.04.2026,26.04.2026,ЋУПРИЈА,Брисање по основу одјаве пребивалишта,3
20.04.2026,26.04.2026,ЋУПРИЈА,Брисање по основу смрти лица,9
20.04.2026,26.04.2026,УБ,Упис по основу стицања пунолетства,4
20.04.2026,26.04.2026,УБ,Упис по основу пријаве пребивалишта,7
20.04.2026,26.04.2026,УБ,Промена личних података,1
20.04.2026,26.04.2026,УБ,Промена адресе пребивалишта,13
20.04.2026,26.04.2026,УБ,Брисање по основу смрти лица,5
20.04.2026,26.04.2026,УЖИЦЕ - ГРАД,Упис по основу стицања пунолетства,13
20.04.2026,26.04.2026,УЖИЦЕ - ГРАД,Упис по основу пријаве пребивалишта,12
20.04.2026,26.04.2026,УЖИЦЕ - ГРАД,Промена личних података,8
20.04.2026,26.04.2026,УЖИЦЕ - ГРАД,Промена адресе пребивалишта,70
20.04.2026,26.04.2026,УЖИЦЕ - ГРАД,Брисање по основу одјаве пребивалишта,17
20.04.2026,26.04.2026,УЖИЦЕ - ГРАД,Брисање по основу смрти лица,20
20.04.2026,26.04.2026,УЖИЦЕ-СЕВОЈНО,Упис по основу стицања пунолетства,1
20.04.2026,26.04.2026,УЖИЦЕ-СЕВОЈНО,Упис по основу пријаве пребивалишта,1
20.04.2026,26.04.2026,УЖИЦЕ-СЕВОЈНО,Промена личних података,1
20.04.2026,26.04.2026,УЖИЦЕ-СЕВОЈНО,Промена адресе пребивалишта,15
20.04.2026,26.04.2026,УЖИЦЕ-СЕВОЈНО,Брисање по основу одјаве пребивалишта,1
20.04.2026,26.04.2026,УЖИЦЕ-СЕВОЈНО,Брисање по основу смрти лица,1
20.04.2026,26.04.2026,УЖИЦЕ-СЕВОЈНО,Брисање по службеној дужности,1
20.04.2026,26.04.2026,УРОШЕВАЦ,Упис по основу стицања пунолетства,5
20.04.2026,26.04.2026,УРОШЕВАЦ,Упис по основу пријаве пребивалишта,1
20.04.2026,26.04.2026,УРОШЕВАЦ,Брисање по основу одјаве пребивалишта,1
20.04.2026,26.04.2026,ЦРНА ТРАВА,Упис по основу пријаве пребивалишта,1
20.04.2026,26.04.2026,ЦРНА ТРАВА,Промена адресе пребивалишта,6
20.04.2026,26.04.2026,ЦРНА ТРАВА,Брисање по основу одјаве пребивалишта,1
20.04.2026,26.04.2026,ЦРНА ТРАВА,Брисање по основу смрти лица,3
20.04.2026,26.04.2026,ЧАЈЕТИНА,Упис по основу стицања пунолетства,4
20.04.2026,26.04.2026,ЧАЈЕТИНА,Упис по основу пријаве пребивалишта,24
20.04.2026,26.04.2026,ЧАЈЕТИНА,Промена личних података,5
20.04.2026,26.04.2026,ЧАЈЕТИНА,Промена адресе пребивалишта,28
20.04.2026,26.04.2026,ЧАЈЕТИНА,Брисање по основу одјаве пребивалишта,2
20.04.2026,26.04.2026,ЧАЈЕТИНА,Брисање по основу смрти лица,3
20.04.2026,26.04.2026,ЧАЧАК - ГРАД,Упис по основу стицања пунолетства,19
20.04.2026,26.04.2026,ЧАЧАК - ГРАД,Упис по основу пријаве пребивалишта,36
20.04.2026,26.04.2026,ЧАЧАК - ГРАД,Упис по основу пријема у држављанство,1
20.04.2026,26.04.2026,ЧАЧАК - ГРАД,Промена личних података,34
20.04.2026,26.04.2026,ЧАЧАК - ГРАД,Промена адресе пребивалишта,27
20.04.2026,26.04.2026,ЧАЧАК - ГРАД,Брисање по основу одјаве пребивалишта,14
20.04.2026,26.04.2026,ЧАЧАК - ГРАД,Брисање по основу смрти лица,30
20.04.2026,26.04.2026,ЧАЧАК - ГРАД,Брисање по службеној дужности,1
20.04.2026,26.04.2026,ЧОКА,Упис по основу стицања пунолетства,5
20.04.2026,26.04.2026,ЧОКА,Упис по основу пријаве пребивалишта,5
20.04.2026,26.04.2026,ЧОКА,Промена личних података,4
20.04.2026,26.04.2026,ЧОКА,Промена адресе пребивалишта,6
20.04.2026,26.04.2026,ЧОКА,Брисање по основу одјаве пребивалишта,1
20.04.2026,26.04.2026,ЧОКА,Брисање по основу смрти лица,3
20.04.2026,26.04.2026,ШАБАЦ - ГРАД,Упис по основу стицања пунолетства,16
20.04.2026,26.04.2026,ШАБАЦ - ГРАД,Упис по основу пријаве пребивалишта,27
20.04.2026,26.04.2026,ШАБАЦ - ГРАД,Промена личних података,13
20.04.2026,26.04.2026,ШАБАЦ - ГРАД,Промена адресе пребивалишта,67
20.04.2026,26.04.2026,ШАБАЦ - ГРАД,Брисање по основу одјаве пребивалишта,21
20.04.2026,26.04.2026,ШАБАЦ - ГРАД,Брисање по основу смрти лица,41
20.04.2026,26.04.2026,ШАБАЦ - ГРАД,Брисање по службеној дужности,1
20.04.2026,26.04.2026,ШИД,Упис по основу стицања пунолетства,4
20.04.2026,26.04.2026,ШИД,Упис по основу пријаве пребивалишта,13
20.04.2026,26.04.2026,ШИД,Промена личних података,1
20.04.2026,26.04.2026,ШИД,Промена адресе пребивалишта,8
20.04.2026,26.04.2026,ШИД,Брисање по основу одјаве пребивалишта,2
20.04.2026,26.04.2026,ШИД,Брисање по основу смрти лица,8
20.04.2026,26.04.2026,ШИД,Брисање по службеној дужности,2
20.04.2026,26.04.2026,ШТРПЦЕ,Промена личних података,1
