ОПШТИНА_ГРАД,ВРСТА_ПРОМЕНЕ,16.02.2026 – 22.02.2026,23.02.2026 – 01.03.2026,02.03.2026 – 08.03.2026,УКУПНО
ЈАГОДИНА - ГРАД,Брисање боравишта интерно расељеног лица,0,113,122,235
ЈАГОДИНА - ГРАД,Брисање по основу одјаве пребивалишта,12,10,15,37
ЈАГОДИНА - ГРАД,Брисање по основу смрти лица,15,27,18,60
ЈАГОДИНА - ГРАД,Брисање по службеној дужности,0,6,9,15
ЈАГОДИНА - ГРАД,Промена адресе боравишта интерно расељеног лица,1,2,2,5
ЈАГОДИНА - ГРАД,Промена адресе пребивалишта,153,321,119,593
ЈАГОДИНА - ГРАД,Промена личних података,5,1,3,9
ЈАГОДИНА - ГРАД,Упис по основу пријаве боравишта интерно расељеног лица,1,1,1,3
ЈАГОДИНА - ГРАД,Упис по основу пријаве пребивалишта,15,23,30,68
ЈАГОДИНА - ГРАД,Упис по основу стицања пунолетства,16,9,14,39
ЉИГ,Брисање боравишта интерно расељеног лица,0,0,1,1
ЉИГ,Брисање по основу одјаве пребивалишта,3,1,3,7
ЉИГ,Брисање по основу смрти лица,5,3,4,12
ЉИГ,Промена адресе пребивалишта,9,21,29,59
ЉИГ,Промена личних података,2,0,0,2
ЉИГ,Упис по основу пријаве пребивалишта,0,0,16,16
ЉИГ,Упис по основу стицања пунолетства,0,4,3,7
ЉУБОВИЈА,Брисање по основу одјаве пребивалишта,6,4,11,21
ЉУБОВИЈА,Брисање по основу смрти лица,3,4,3,10
ЉУБОВИЈА,Брисање по службеној дужности,0,1,2,3
ЉУБОВИЈА,Промена адресе пребивалишта,19,41,24,84
ЉУБОВИЈА,Промена личних података,1,2,0,3
ЉУБОВИЈА,Упис по основу пријаве пребивалишта,7,4,6,17
ЉУБОВИЈА,Упис по основу стицања пунолетства,0,0,6,6
ЋИЋЕВАЦ,Брисање по основу одјаве пребивалишта,1,1,1,3
ЋИЋЕВАЦ,Брисање по основу смрти лица,0,2,9,11
ЋИЋЕВАЦ,Брисање по службеној дужности,0,1,0,1
ЋИЋЕВАЦ,Промена адресе пребивалишта,0,2,0,2
ЋИЋЕВАЦ,Промена личних података,0,1,0,1
ЋИЋЕВАЦ,Упис по основу пријаве пребивалишта,1,3,0,4
ЋИЋЕВАЦ,Упис по основу стицања пунолетства,0,2,3,5
ЋУПРИЈА,Брисање по основу губитка пословне способности,0,0,2,2
ЋУПРИЈА,Брисање по основу одјаве пребивалишта,4,11,12,27
ЋУПРИЈА,Брисање по основу смрти лица,9,11,6,26
ЋУПРИЈА,Брисање по службеној дужности,0,0,4,4
ЋУПРИЈА,Промена адресе пребивалишта,39,77,69,185
ЋУПРИЈА,Промена личних података,3,10,11,24
ЋУПРИЈА,Упис по основу пријаве боравишта интерно расељеног лица,1,0,0,1
ЋУПРИЈА,Упис по основу пријаве пребивалишта,9,7,12,28
ЋУПРИЈА,Упис по основу стицања пунолетства,5,2,13,20
АДА,Брисање по основу одјаве пребивалишта,3,2,3,8
АДА,Брисање по основу смрти лица,6,8,4,18
АДА,Брисање по службеној дужности,0,0,5,5
АДА,Промена адресе пребивалишта,1,8,2,11
АДА,Промена личних података,0,0,1,1
АДА,Упис по основу пријаве пребивалишта,0,4,1,5
АДА,Упис по основу стицања пунолетства,1,3,4,8
АЛЕКСАНДРОВАЦ,Брисање по основу одјаве пребивалишта,4,4,2,10
АЛЕКСАНДРОВАЦ,Брисање по основу смрти лица,5,6,4,15
АЛЕКСАНДРОВАЦ,Брисање по службеној дужности,0,1,48,49
АЛЕКСАНДРОВАЦ,Промена адресе пребивалишта,8,22,8,38
АЛЕКСАНДРОВАЦ,Промена личних података,1,2,0,3
АЛЕКСАНДРОВАЦ,Упис по основу пријаве пребивалишта,1,5,2,8
АЛЕКСАНДРОВАЦ,Упис по основу стицања пунолетства,3,5,5,13
АЛЕКСИНАЦ,Брисање по основу одјаве пребивалишта,14,13,15,42
АЛЕКСИНАЦ,Брисање по основу смрти лица,12,15,15,42
АЛЕКСИНАЦ,Исправка техничке грешке,0,0,1,1
АЛЕКСИНАЦ,Промена адресе пребивалишта,29,40,56,125
АЛЕКСИНАЦ,Промена личних података,5,5,3,13
АЛЕКСИНАЦ,Упис по основу пријаве пребивалишта,18,12,12,42
АЛЕКСИНАЦ,Упис по основу стицања пунолетства,7,10,10,27
АЛИБУНАР,Брисање по основу губитка пословне способности,0,2,0,2
АЛИБУНАР,Брисање по основу одјаве пребивалишта,2,6,6,14
АЛИБУНАР,Брисање по основу отпуста из држављанства,0,1,0,1
АЛИБУНАР,Брисање по основу смрти лица,5,10,3,18
АЛИБУНАР,Промена адресе пребивалишта,3,2,6,11
АЛИБУНАР,Промена личних података,1,3,1,5
АЛИБУНАР,Упис по основу пријаве пребивалишта,0,6,10,16
АЛИБУНАР,Упис по основу стицања пунолетства,5,3,4,12
АПАТИН,Брисање по основу одјаве пребивалишта,9,3,11,23
АПАТИН,Брисање по основу смрти лица,9,13,8,30
АПАТИН,Промена адресе пребивалишта,4,2,4,10
АПАТИН,Промена личних података,2,3,2,7
АПАТИН,Упис по основу пријаве пребивалишта,5,7,5,17
АПАТИН,Упис по основу стицања пунолетства,4,1,3,8
АРАНЂЕЛОВАЦ,Брисање боравишта интерно расељеног лица,1,1,1,3
АРАНЂЕЛОВАЦ,Брисање по основу одјаве пребивалишта,4,8,9,21
АРАНЂЕЛОВАЦ,Брисање по основу смрти лица,14,11,10,35
АРАНЂЕЛОВАЦ,Брисање по службеној дужности,0,6,0,6
АРАНЂЕЛОВАЦ,Исправка техничке грешке,0,0,2,2
АРАНЂЕЛОВАЦ,Промена адресе пребивалишта,39,40,53,132
АРАНЂЕЛОВАЦ,Промена личних података,3,8,12,23
АРАНЂЕЛОВАЦ,Упис по основу пријаве боравишта интерно расељеног лица,0,0,1,1
АРАНЂЕЛОВАЦ,Упис по основу пријаве пребивалишта,1,2,46,49
АРАНЂЕЛОВАЦ,Упис по основу стицања пунолетства,11,11,38,60
АРИЉЕ,Брисање по основу одјаве пребивалишта,3,4,5,12
АРИЉЕ,Брисање по основу смрти лица,1,6,4,11
АРИЉЕ,Промена адресе пребивалишта,18,61,17,96
АРИЉЕ,Промена личних података,2,0,1,3
АРИЉЕ,Упис по основу пријаве пребивалишта,0,1,0,1
АРИЉЕ,Упис по основу стицања пунолетства,0,4,1,5
БАЈИНА БАШТА,Брисање по основу губитка пословне способности,0,0,9,9
БАЈИНА БАШТА,Брисање по основу одјаве пребивалишта,5,4,11,20
БАЈИНА БАШТА,Брисање по основу смрти лица,7,11,12,30
БАЈИНА БАШТА,Брисање по службеној дужности,0,1,5,6
БАЈИНА БАШТА,Промена адресе пребивалишта,29,29,18,76
БАЈИНА БАШТА,Промена личних података,3,9,6,18
БАЈИНА БАШТА,Упис по основу пријаве пребивалишта,12,13,24,49
БАЈИНА БАШТА,Упис по основу стицања пунолетства,20,5,18,43
БАБУШНИЦА,Брисање по основу одјаве пребивалишта,2,1,8,11
БАБУШНИЦА,Брисање по основу смрти лица,3,5,3,11
БАБУШНИЦА,Промена адресе пребивалишта,3,10,13,26
БАБУШНИЦА,Промена личних података,0,0,1,1
БАБУШНИЦА,Упис по основу пријаве пребивалишта,1,3,4,8
БАБУШНИЦА,Упис по основу стицања пунолетства,2,2,1,5
БАТОЧИНА,Брисање по основу одјаве пребивалишта,3,2,2,7
БАТОЧИНА,Брисање по основу смрти лица,1,3,3,7
БАТОЧИНА,Брисање по службеној дужности,0,0,1,1
БАТОЧИНА,Промена адресе боравишта интерно расељеног лица,0,1,0,1
БАТОЧИНА,Промена адресе пребивалишта,8,15,6,29
БАТОЧИНА,Промена личних података,1,0,0,1
БАТОЧИНА,Упис по основу пријаве пребивалишта,3,2,5,10
БАТОЧИНА,Упис по основу стицања пунолетства,1,2,5,8
БАЧ,Брисање по основу одјаве пребивалишта,2,4,8,14
БАЧ,Брисање по основу смрти лица,5,7,2,14
БАЧ,Промена адресе пребивалишта,3,1,3,7
БАЧ,Упис по основу пријаве пребивалишта,9,0,0,9
БАЧ,Упис по основу стицања пунолетства,3,3,1,7
БАЧКА ПАЛАНКА,Брисање по основу губитка пословне способности,0,0,1,1
БАЧКА ПАЛАНКА,Брисање по основу одјаве пребивалишта,12,4,19,35
БАЧКА ПАЛАНКА,Брисање по основу смрти лица,16,10,13,39
БАЧКА ПАЛАНКА,Брисање по службеној дужности,8,0,15,23
БАЧКА ПАЛАНКА,Исправка техничке грешке,1,0,0,1
БАЧКА ПАЛАНКА,Промена адресе пребивалишта,16,14,7,37
БАЧКА ПАЛАНКА,Промена личних података,4,2,3,9
БАЧКА ПАЛАНКА,Упис по основу пријаве пребивалишта,12,9,15,36
БАЧКА ПАЛАНКА,Упис по основу стицања пунолетства,8,17,8,33
БАЧКА ТОПОЛА,Брисање по основу дуплог уписа,0,1,2,3
БАЧКА ТОПОЛА,Брисање по основу одјаве пребивалишта,3,4,9,16
БАЧКА ТОПОЛА,Брисање по основу смрти лица,12,13,9,34
БАЧКА ТОПОЛА,Брисање по службеној дужности,0,1,2,3
БАЧКА ТОПОЛА,Промена адресе пребивалишта,9,1,25,35
БАЧКА ТОПОЛА,Промена личних података,4,1,50,55
БАЧКА ТОПОЛА,Упис по основу пријаве пребивалишта,9,4,7,20
БАЧКА ТОПОЛА,Упис по основу стицања пунолетства,8,7,7,22
БАЧКИ ПЕТРОВАЦ,Брисање по основу одјаве пребивалишта,2,2,1,5
БАЧКИ ПЕТРОВАЦ,Брисање по основу смрти лица,3,3,7,13
БАЧКИ ПЕТРОВАЦ,Промена адресе пребивалишта,2,1,1,4
БАЧКИ ПЕТРОВАЦ,Промена личних података,1,1,2,4
БАЧКИ ПЕТРОВАЦ,Упис по основу пријаве пребивалишта,4,9,1,14
БАЧКИ ПЕТРОВАЦ,Упис по основу стицања пунолетства,1,1,4,6
БЕЛА ПАЛАНКА,Брисање по основу одјаве пребивалишта,3,1,3,7
БЕЛА ПАЛАНКА,Брисање по основу смрти лица,6,1,4,11
БЕЛА ПАЛАНКА,Промена адресе пребивалишта,1,9,10,20
БЕЛА ПАЛАНКА,Промена личних података,1,0,0,1
БЕЛА ПАЛАНКА,Упис по основу пријаве пребивалишта,1,0,3,4
БЕЛА ПАЛАНКА,Упис по основу стицања пунолетства,4,4,3,11
БЕЛА ЦРКВА,Брисање по основу одјаве пребивалишта,3,9,9,21
БЕЛА ЦРКВА,Брисање по основу смрти лица,4,3,9,16
БЕЛА ЦРКВА,Промена адресе пребивалишта,6,2,5,13
БЕЛА ЦРКВА,Промена личних података,2,2,0,4
БЕЛА ЦРКВА,Упис по основу пријаве пребивалишта,3,2,7,12
БЕЛА ЦРКВА,Упис по основу стицања пунолетства,7,3,4,14
БЕОГРАД-БАРАЈЕВО,Брисање по основу одјаве пребивалишта,7,12,13,32
БЕОГРАД-БАРАЈЕВО,Брисање по основу смрти лица,2,4,4,10
БЕОГРАД-БАРАЈЕВО,Промена адресе пребивалишта,0,17,3,20
БЕОГРАД-БАРАЈЕВО,Промена личних података,0,3,1,4
БЕОГРАД-БАРАЈЕВО,Упис по основу пријаве пребивалишта,0,8,0,8
БЕОГРАД-БАРАЈЕВО,Упис по основу стицања пунолетства,0,14,0,14
БЕОГРАД-ВОЖДОВАЦ,Брисање боравишта интерно расељеног лица,1,0,1,2
БЕОГРАД-ВОЖДОВАЦ,Брисање по основу одјаве пребивалишта,72,118,114,304
БЕОГРАД-ВОЖДОВАЦ,Брисање по основу смрти лица,48,47,33,128
БЕОГРАД-ВОЖДОВАЦ,Брисање по службеној дужности,0,2,5,7
БЕОГРАД-ВОЖДОВАЦ,Исправка техничке грешке,2,0,0,2
БЕОГРАД-ВОЖДОВАЦ,Промена адресе боравишта интерно расељеног лица,0,1,3,4
БЕОГРАД-ВОЖДОВАЦ,Промена адресе пребивалишта,32,52,33,117
БЕОГРАД-ВОЖДОВАЦ,Промена личних података,35,135,139,309
БЕОГРАД-ВОЖДОВАЦ,Упис по основу пријаве боравишта интерно расељеног лица,0,1,0,1
БЕОГРАД-ВОЖДОВАЦ,Упис по основу пријаве пребивалишта,86,168,108,362
БЕОГРАД-ВОЖДОВАЦ,Упис по основу пријема у држављанство,0,1,0,1
БЕОГРАД-ВОЖДОВАЦ,Упис по основу стицања пунолетства,28,32,24,84
БЕОГРАД-ВРАЧАР,Брисање по основу одјаве пребивалишта,28,59,68,155
БЕОГРАД-ВРАЧАР,Брисање по основу смрти лица,14,20,15,49
БЕОГРАД-ВРАЧАР,Брисање по службеној дужности,12,5,5,22
БЕОГРАД-ВРАЧАР,Потврда о упису у бирачки списак,0,0,1,1
БЕОГРАД-ВРАЧАР,Промена адресе пребивалишта,9,9,9,27
БЕОГРАД-ВРАЧАР,Промена личних података,6,6,6,18
БЕОГРАД-ВРАЧАР,Упис по основу пријаве боравишта интерно расељеног лица,0,0,1,1
БЕОГРАД-ВРАЧАР,Упис по основу пријаве пребивалишта,31,71,61,163
БЕОГРАД-ВРАЧАР,Упис по основу пријема у држављанство,0,1,1,2
БЕОГРАД-ВРАЧАР,Упис по основу стицања пунолетства,15,6,12,33
БЕОГРАД-ГРОЦКА,Брисање боравишта интерно расељеног лица,0,2,1,3
БЕОГРАД-ГРОЦКА,Брисање по основу одјаве пребивалишта,24,28,25,77
БЕОГРАД-ГРОЦКА,Брисање по основу смрти лица,21,23,12,56
БЕОГРАД-ГРОЦКА,Брисање по службеној дужности,0,2,5,7
БЕОГРАД-ГРОЦКА,Исправка техничке грешке,0,1,0,1
БЕОГРАД-ГРОЦКА,Промена адресе боравишта интерно расељеног лица,1,1,1,3
БЕОГРАД-ГРОЦКА,Промена адресе пребивалишта,17,23,21,61
БЕОГРАД-ГРОЦКА,Промена личних података,17,17,23,57
БЕОГРАД-ГРОЦКА,Упис по основу пријаве боравишта интерно расељеног лица,1,2,1,4
БЕОГРАД-ГРОЦКА,Упис по основу пријаве пребивалишта,32,50,43,125
БЕОГРАД-ГРОЦКА,Упис по основу стицања пунолетства,20,19,17,56
БЕОГРАД-ЗВЕЗДАРА,Брисање боравишта интерно расељеног лица,2,7,0,9
БЕОГРАД-ЗВЕЗДАРА,Брисање по основу дуплог уписа,0,1,0,1
БЕОГРАД-ЗВЕЗДАРА,Брисање по основу одјаве пребивалишта,100,125,142,367
БЕОГРАД-ЗВЕЗДАРА,Брисање по основу смрти лица,37,43,38,118
БЕОГРАД-ЗВЕЗДАРА,Промена адресе боравишта интерно расељеног лица,0,1,3,4
БЕОГРАД-ЗВЕЗДАРА,Промена адресе пребивалишта,28,54,65,147
БЕОГРАД-ЗВЕЗДАРА,Промена личних података,170,61,250,481
БЕОГРАД-ЗВЕЗДАРА,Упис по основу пријаве боравишта интерно расељеног лица,0,0,2,2
БЕОГРАД-ЗВЕЗДАРА,Упис по основу пријаве пребивалишта,145,196,205,546
БЕОГРАД-ЗВЕЗДАРА,Упис по основу пријема у држављанство,0,2,0,2
БЕОГРАД-ЗВЕЗДАРА,Упис по основу стицања пунолетства,45,33,40,118
БЕОГРАД-ЗЕМУН,Брисање боравишта интерно расељеног лица,0,1,0,1
БЕОГРАД-ЗЕМУН,Брисање по основу одјаве пребивалишта,55,88,72,215
БЕОГРАД-ЗЕМУН,Брисање по основу смрти лица,44,45,39,128
БЕОГРАД-ЗЕМУН,Брисање по службеној дужности,15,9,35,59
БЕОГРАД-ЗЕМУН,Промена адресе пребивалишта,43,24,70,137
БЕОГРАД-ЗЕМУН,Промена личних података,13,19,18,50
БЕОГРАД-ЗЕМУН,Упис по основу пријаве боравишта интерно расељеног лица,0,1,2,3
БЕОГРАД-ЗЕМУН,Упис по основу пријаве пребивалишта,75,155,107,337
БЕОГРАД-ЗЕМУН,Упис по основу стицања пунолетства,47,38,37,122
БЕОГРАД-ЛАЗАРЕВАЦ,Брисање боравишта интерно расељеног лица,2,2,1,5
БЕОГРАД-ЛАЗАРЕВАЦ,Брисање по основу дуплог уписа,0,2,0,2
БЕОГРАД-ЛАЗАРЕВАЦ,Брисање по основу одјаве пребивалишта,8,12,18,38
БЕОГРАД-ЛАЗАРЕВАЦ,Брисање по основу отпуста из држављанства,0,0,1,1
БЕОГРАД-ЛАЗАРЕВАЦ,Брисање по основу смрти лица,16,15,9,40
БЕОГРАД-ЛАЗАРЕВАЦ,Брисање по службеној дужности,3,9,4,16
БЕОГРАД-ЛАЗАРЕВАЦ,Промена адресе боравишта интерно расељеног лица,0,0,1,1
БЕОГРАД-ЛАЗАРЕВАЦ,Промена адресе пребивалишта,24,58,78,160
БЕОГРАД-ЛАЗАРЕВАЦ,Промена личних података,11,5,8,24
БЕОГРАД-ЛАЗАРЕВАЦ,Упис по основу пријаве боравишта интерно расељеног лица,1,0,2,3
БЕОГРАД-ЛАЗАРЕВАЦ,Упис по основу пријаве пребивалишта,17,12,14,43
БЕОГРАД-ЛАЗАРЕВАЦ,Упис по основу пријема у држављанство,0,1,0,1
БЕОГРАД-ЛАЗАРЕВАЦ,Упис по основу стицања пунолетства,9,13,17,39
БЕОГРАД-МЛАДЕНОВАЦ,Брисање боравишта интерно расељеног лица,2,4,3,9
БЕОГРАД-МЛАДЕНОВАЦ,Брисање по основу губитка пословне способности,0,0,11,11
БЕОГРАД-МЛАДЕНОВАЦ,Брисање по основу одјаве пребивалишта,6,10,12,28
БЕОГРАД-МЛАДЕНОВАЦ,Брисање по основу смрти лица,16,24,13,53
БЕОГРАД-МЛАДЕНОВАЦ,Брисање по службеној дужности,1,3,2,6
БЕОГРАД-МЛАДЕНОВАЦ,Промена адресе пребивалишта,33,28,29,90
БЕОГРАД-МЛАДЕНОВАЦ,Промена личних података,20,23,15,58
БЕОГРАД-МЛАДЕНОВАЦ,Упис по основу враћања пословне способности,0,0,5,5
БЕОГРАД-МЛАДЕНОВАЦ,Упис по основу пријаве пребивалишта,24,14,20,58
БЕОГРАД-МЛАДЕНОВАЦ,Упис по основу стицања пунолетства,9,7,10,26
БЕОГРАД-НОВИ БЕОГРАД,Брисање боравишта интерно расељеног лица,0,1,0,1
БЕОГРАД-НОВИ БЕОГРАД,Брисање по основу одјаве пребивалишта,75,117,107,299
БЕОГРАД-НОВИ БЕОГРАД,Брисање по основу отпуста из држављанства,0,0,1,1
БЕОГРАД-НОВИ БЕОГРАД,Брисање по основу смрти лица,57,49,55,161
БЕОГРАД-НОВИ БЕОГРАД,Брисање по службеној дужности,0,28,42,70
БЕОГРАД-НОВИ БЕОГРАД,Исправка техничке грешке,0,1,0,1
БЕОГРАД-НОВИ БЕОГРАД,Промена адресе пребивалишта,35,45,57,137
БЕОГРАД-НОВИ БЕОГРАД,Промена личних података,17,28,23,68
БЕОГРАД-НОВИ БЕОГРАД,Упис по основу пријаве боравишта интерно расељеног лица,0,1,1,2
БЕОГРАД-НОВИ БЕОГРАД,Упис по основу пријаве пребивалишта,78,159,99,336
БЕОГРАД-НОВИ БЕОГРАД,Упис по основу пријема у држављанство,0,0,1,1
БЕОГРАД-НОВИ БЕОГРАД,Упис по основу стицања пунолетства,35,40,46,121
БЕОГРАД-ОБРЕНОВАЦ,Брисање по основу одјаве пребивалишта,5,9,13,27
БЕОГРАД-ОБРЕНОВАЦ,Брисање по основу смрти лица,15,15,24,54
БЕОГРАД-ОБРЕНОВАЦ,Брисање по службеној дужности,7,7,1,15
БЕОГРАД-ОБРЕНОВАЦ,Промена адресе боравишта интерно расељеног лица,1,1,0,2
БЕОГРАД-ОБРЕНОВАЦ,Промена адресе пребивалишта,48,78,55,181
БЕОГРАД-ОБРЕНОВАЦ,Промена личних података,8,9,9,26
БЕОГРАД-ОБРЕНОВАЦ,Упис по основу пријаве пребивалишта,5,33,22,60
БЕОГРАД-ОБРЕНОВАЦ,Упис по основу стицања пунолетства,8,22,13,43
БЕОГРАД-ПАЛИЛУЛА,Брисање боравишта интерно расељеног лица,1,1,1,3
БЕОГРАД-ПАЛИЛУЛА,Брисање по основу одјаве пребивалишта,56,113,104,273
БЕОГРАД-ПАЛИЛУЛА,Брисање по основу смрти лица,34,42,43,119
БЕОГРАД-ПАЛИЛУЛА,Промена адресе пребивалишта,55,60,76,191
БЕОГРАД-ПАЛИЛУЛА,Промена личних података,230,378,367,975
БЕОГРАД-ПАЛИЛУЛА,Упис по основу пријаве пребивалишта,89,177,157,423
БЕОГРАД-ПАЛИЛУЛА,Упис по основу стицања пунолетства,15,12,6,33
БЕОГРАД-РАКОВИЦА,Брисање боравишта интерно расељеног лица,1,0,1,2
БЕОГРАД-РАКОВИЦА,Брисање по основу одјаве пребивалишта,42,58,63,163
БЕОГРАД-РАКОВИЦА,Брисање по основу смрти лица,39,20,30,89
БЕОГРАД-РАКОВИЦА,Брисање по службеној дужности,0,1,24,25
БЕОГРАД-РАКОВИЦА,Промена адресе боравишта интерно расељеног лица,2,0,1,3
БЕОГРАД-РАКОВИЦА,Промена адресе пребивалишта,35,22,36,93
БЕОГРАД-РАКОВИЦА,Промена личних података,14,25,20,59
БЕОГРАД-РАКОВИЦА,Упис по основу пријаве боравишта интерно расељеног лица,1,1,2,4
БЕОГРАД-РАКОВИЦА,Упис по основу пријаве пребивалишта,53,83,77,213
БЕОГРАД-РАКОВИЦА,Упис по основу пријема у држављанство,0,0,1,1
БЕОГРАД-РАКОВИЦА,Упис по основу стицања пунолетства,20,17,33,70
БЕОГРАД-САВСКИ ВЕНАЦ,Брисање по основу дуплог уписа,0,1,0,1
БЕОГРАД-САВСКИ ВЕНАЦ,Брисање по основу одјаве пребивалишта,25,31,22,78
БЕОГРАД-САВСКИ ВЕНАЦ,Брисање по основу смрти лица,9,13,7,29
БЕОГРАД-САВСКИ ВЕНАЦ,Промена адресе пребивалишта,7,5,6,18
БЕОГРАД-САВСКИ ВЕНАЦ,Промена личних података,0,7,19,26
БЕОГРАД-САВСКИ ВЕНАЦ,Упис по основу пријаве пребивалишта,11,32,103,146
БЕОГРАД-САВСКИ ВЕНАЦ,Упис по основу стицања пунолетства,4,10,11,25
БЕОГРАД-СОПОТ,Брисање по основу одјаве пребивалишта,4,7,10,21
БЕОГРАД-СОПОТ,Брисање по основу смрти лица,7,8,6,21
БЕОГРАД-СОПОТ,Промена адресе пребивалишта,7,13,4,24
БЕОГРАД-СОПОТ,Промена личних података,74,35,3,112
БЕОГРАД-СОПОТ,Упис по основу пријаве пребивалишта,1,31,8,40
БЕОГРАД-СОПОТ,Упис по основу стицања пунолетства,6,9,3,18
БЕОГРАД-СТАРИ ГРАД,Брисање по основу одјаве пребивалишта,25,47,54,126
БЕОГРАД-СТАРИ ГРАД,Брисање по основу смрти лица,7,12,16,35
БЕОГРАД-СТАРИ ГРАД,Промена адресе пребивалишта,3,3,18,24
БЕОГРАД-СТАРИ ГРАД,Промена личних података,12,15,19,46
БЕОГРАД-СТАРИ ГРАД,Упис по основу пријаве пребивалишта,33,64,51,148
БЕОГРАД-СТАРИ ГРАД,Упис по основу стицања пунолетства,11,5,8,24
БЕОГРАД-СУРЧИН,Брисање по основу одјаве пребивалишта,9,19,11,39
БЕОГРАД-СУРЧИН,Брисање по основу смрти лица,14,11,15,40
БЕОГРАД-СУРЧИН,Брисање по службеној дужности,3,4,2,9
БЕОГРАД-СУРЧИН,Промена адресе пребивалишта,7,9,12,28
БЕОГРАД-СУРЧИН,Промена личних података,5,6,1,12
БЕОГРАД-СУРЧИН,Упис по основу пријаве боравишта интерно расељеног лица,1,0,0,1
БЕОГРАД-СУРЧИН,Упис по основу пријаве пребивалишта,19,44,25,88
БЕОГРАД-СУРЧИН,Упис по основу стицања пунолетства,4,19,11,34
БЕОГРАД-ЧУКАРИЦА,Брисање боравишта интерно расељеног лица,1,1,1,3
БЕОГРАД-ЧУКАРИЦА,Брисање по основу одјаве пребивалишта,65,86,84,235
БЕОГРАД-ЧУКАРИЦА,Брисање по основу смрти лица,36,41,39,116
БЕОГРАД-ЧУКАРИЦА,Брисање по службеној дужности,8,15,2,25
БЕОГРАД-ЧУКАРИЦА,Промена адресе боравишта интерно расељеног лица,0,1,1,2
БЕОГРАД-ЧУКАРИЦА,Промена адресе пребивалишта,38,43,34,115
БЕОГРАД-ЧУКАРИЦА,Промена личних података,13,22,17,52
БЕОГРАД-ЧУКАРИЦА,Упис по основу пријаве боравишта интерно расељеног лица,0,3,1,4
БЕОГРАД-ЧУКАРИЦА,Упис по основу пријаве пребивалишта,42,54,85,181
БЕОГРАД-ЧУКАРИЦА,Упис по основу стицања пунолетства,31,38,45,114
БЕОЧИН,Брисање по основу одјаве пребивалишта,3,4,7,14
БЕОЧИН,Брисање по основу смрти лица,1,3,6,10
БЕОЧИН,Брисање по службеној дужности,0,0,1,1
БЕОЧИН,Промена адресе пребивалишта,5,11,4,20
БЕОЧИН,Промена личних података,2,2,1,5
БЕОЧИН,Упис по основу пријаве пребивалишта,8,7,6,21
БЕОЧИН,Упис по основу пријема у држављанство,0,1,0,1
БЕОЧИН,Упис по основу стицања пунолетства,3,6,1,10
БЕЧЕЈ,Брисање боравишта интерно расељеног лица,0,0,1,1
БЕЧЕЈ,Брисање по основу одјаве пребивалишта,6,7,9,22
БЕЧЕЈ,Брисање по основу смрти лица,15,13,14,42
БЕЧЕЈ,Брисање по службеној дужности,4,3,1,8
БЕЧЕЈ,Промена адресе пребивалишта,6,14,19,39
БЕЧЕЈ,Промена личних података,11,35,44,90
БЕЧЕЈ,Упис по основу пријаве пребивалишта,13,6,8,27
БЕЧЕЈ,Упис по основу стицања пунолетства,5,10,3,18
БЛАЦЕ,Брисање по основу одјаве пребивалишта,3,5,3,11
БЛАЦЕ,Брисање по основу смрти лица,4,8,3,15
БЛАЦЕ,Промена адресе пребивалишта,3,5,1,9
БЛАЦЕ,Промена личних података,0,1,0,1
БЛАЦЕ,Упис по основу пријаве пребивалишта,0,14,0,14
БЛАЦЕ,Упис по основу стицања пунолетства,0,0,4,4
БОЈНИК,Брисање по основу одјаве пребивалишта,5,7,5,17
БОЈНИК,Брисање по основу смрти лица,4,2,4,10
БОЈНИК,Исправка техничке грешке,0,0,1,1
БОЈНИК,Промена адресе пребивалишта,6,1,15,22
БОЈНИК,Промена личних података,1,1,1,3
БОЈНИК,Упис по основу пријаве пребивалишта,1,1,1,3
БОЈНИК,Упис по основу стицања пунолетства,3,1,3,7
БОЉЕВАЦ,Брисање по основу одјаве пребивалишта,2,2,3,7
БОЉЕВАЦ,Брисање по основу смрти лица,4,7,5,16
БОЉЕВАЦ,Брисање по службеној дужности,0,0,8,8
БОЉЕВАЦ,Промена адресе пребивалишта,1,0,0,1
БОЉЕВАЦ,Промена личних података,1,1,0,2
БОЉЕВАЦ,Упис по основу пријаве пребивалишта,3,2,4,9
БОЉЕВАЦ,Упис по основу стицања пунолетства,1,3,4,8
БОГАТИЋ,Брисање по основу одјаве пребивалишта,2,6,8,16
БОГАТИЋ,Брисање по основу смрти лица,9,4,9,22
БОГАТИЋ,Промена адресе пребивалишта,1,2,0,3
БОГАТИЋ,Промена личних података,2,1,2,5
БОГАТИЋ,Упис по основу пријаве пребивалишта,5,3,6,14
БОГАТИЋ,Упис по основу стицања пунолетства,4,2,0,6
БОР - ГРАД,Брисање по основу губитка пословне способности,0,0,1,1
БОР - ГРАД,Брисање по основу одјаве пребивалишта,20,26,12,58
БОР - ГРАД,Брисање по основу отпуста из држављанства,0,1,0,1
БОР - ГРАД,Брисање по основу смрти лица,10,13,16,39
БОР - ГРАД,Брисање по службеној дужности,2,2,1,5
БОР - ГРАД,Промена адресе боравишта интерно расељеног лица,1,0,0,1
БОР - ГРАД,Промена адресе пребивалишта,21,20,19,60
БОР - ГРАД,Промена личних података,1,4,2,7
БОР - ГРАД,Упис по основу пријаве пребивалишта,11,20,11,42
БОР - ГРАД,Упис по основу пријема у држављанство,0,0,1,1
БОР - ГРАД,Упис по основу стицања пунолетства,11,14,37,62
БОСИЛЕГРАД,Брисање по основу одјаве пребивалишта,1,2,2,5
БОСИЛЕГРАД,Брисање по основу смрти лица,3,1,3,7
БОСИЛЕГРАД,Промена адресе пребивалишта,14,32,20,66
БОСИЛЕГРАД,Упис по основу стицања пунолетства,2,0,1,3
БРУС,Брисање по основу одјаве пребивалишта,1,7,8,16
БРУС,Брисање по основу смрти лица,7,4,3,14
БРУС,Брисање по службеној дужности,0,0,1,1
БРУС,Промена адресе пребивалишта,23,45,24,92
БРУС,Промена личних података,0,3,1,4
БРУС,Упис по основу пријаве пребивалишта,1,2,1,4
БРУС,Упис по основу стицања пунолетства,1,2,2,5
БУЈАНОВАЦ,Брисање по основу одјаве пребивалишта,3,9,5,17
БУЈАНОВАЦ,Брисање по основу отпуста из држављанства,0,0,3,3
БУЈАНОВАЦ,Брисање по основу смрти лица,5,5,11,21
БУЈАНОВАЦ,Исправка техничке грешке,0,2,3,5
БУЈАНОВАЦ,Промена адресе пребивалишта,68,67,69,204
БУЈАНОВАЦ,Промена личних података,52,74,109,235
БУЈАНОВАЦ,Упис по основу пријаве пребивалишта,59,19,15,93
БУЈАНОВАЦ,Упис по основу стицања пунолетства,11,14,15,40
ВАЉЕВО - ГРАД,Брисање по основу губитка пословне способности,0,2,0,2
ВАЉЕВО - ГРАД,Брисање по основу одјаве пребивалишта,12,15,16,43
ВАЉЕВО - ГРАД,Брисање по основу отпуста из држављанства,0,0,1,1
ВАЉЕВО - ГРАД,Брисање по основу смрти лица,14,20,20,54
ВАЉЕВО - ГРАД,Промена адресе пребивалишта,20,40,28,88
ВАЉЕВО - ГРАД,Промена личних података,8,11,2,21
ВАЉЕВО - ГРАД,Упис по основу пријаве пребивалишта,7,11,15,33
ВАЉЕВО - ГРАД,Упис по основу пријема у држављанство,1,1,0,2
ВАЉЕВО - ГРАД,Упис по основу стицања пунолетства,11,12,19,42
ВАРВАРИН,Брисање по основу одјаве пребивалишта,3,5,1,9
ВАРВАРИН,Брисање по основу отпуста из држављанства,0,1,0,1
ВАРВАРИН,Брисање по основу смрти лица,4,5,8,17
ВАРВАРИН,Брисање по службеној дужности,2,1,4,7
ВАРВАРИН,Исправка техничке грешке,1,0,1,2
ВАРВАРИН,Промена адресе пребивалишта,46,58,37,141
ВАРВАРИН,Промена личних података,2,2,1,5
ВАРВАРИН,Упис по основу пријаве пребивалишта,2,7,2,11
ВАРВАРИН,Упис по основу стицања пунолетства,6,3,2,11
ВЕЛИКА ПЛАНА,Брисање боравишта интерно расељеног лица,1,0,0,1
ВЕЛИКА ПЛАНА,Брисање по основу губитка пословне способности,0,4,0,4
ВЕЛИКА ПЛАНА,Брисање по основу одјаве пребивалишта,14,17,6,37
ВЕЛИКА ПЛАНА,Брисање по основу смрти лица,12,16,13,41
ВЕЛИКА ПЛАНА,Брисање по службеној дужности,0,1,2,3
ВЕЛИКА ПЛАНА,Промена адресе боравишта интерно расељеног лица,0,1,4,5
ВЕЛИКА ПЛАНА,Промена адресе пребивалишта,10,22,13,45
ВЕЛИКА ПЛАНА,Промена личних података,3,2,0,5
ВЕЛИКА ПЛАНА,Упис по основу пријаве пребивалишта,3,6,0,9
ВЕЛИКА ПЛАНА,Упис по основу стицања пунолетства,5,9,8,22
ВЕЛИКО ГРАДИШТЕ,Брисање по основу одјаве пребивалишта,9,7,3,19
ВЕЛИКО ГРАДИШТЕ,Брисање по основу смрти лица,4,6,7,17
ВЕЛИКО ГРАДИШТЕ,Брисање по службеној дужности,0,1,3,4
ВЕЛИКО ГРАДИШТЕ,Промена адресе пребивалишта,12,13,13,38
ВЕЛИКО ГРАДИШТЕ,Промена личних података,4,5,1,10
ВЕЛИКО ГРАДИШТЕ,Упис по основу пријаве пребивалишта,13,10,7,30
ВЕЛИКО ГРАДИШТЕ,Упис по основу стицања пунолетства,4,4,9,17
ВИТИНА,Брисање по основу одјаве пребивалишта,0,2,5,7
ВИТИНА,Брисање по основу смрти лица,0,2,1,3
ВЛАДИМИРЦИ,Брисање по основу одјаве пребивалишта,1,3,6,10
ВЛАДИМИРЦИ,Брисање по основу смрти лица,3,4,4,11
ВЛАДИМИРЦИ,Брисање по службеној дужности,0,2,6,8
ВЛАДИМИРЦИ,Промена адресе пребивалишта,10,14,14,38
ВЛАДИМИРЦИ,Промена личних података,1,1,1,3
ВЛАДИМИРЦИ,Упис по основу пријаве пребивалишта,6,4,5,15
ВЛАДИМИРЦИ,Упис по основу стицања пунолетства,4,0,3,7
ВЛАДИЧИН ХАН,Брисање по основу одјаве пребивалишта,6,3,3,12
ВЛАДИЧИН ХАН,Брисање по основу смрти лица,3,6,6,15
ВЛАДИЧИН ХАН,Брисање по службеној дужности,1,0,1,2
ВЛАДИЧИН ХАН,Исправка техничке грешке,1,2,0,3
ВЛАДИЧИН ХАН,Промена адресе пребивалишта,27,46,40,113
ВЛАДИЧИН ХАН,Промена личних података,2,1,1,4
ВЛАДИЧИН ХАН,Упис по основу пријаве пребивалишта,8,2,4,14
ВЛАДИЧИН ХАН,Упис по основу стицања пунолетства,7,6,5,18
ВЛАСОТИНЦЕ,Брисање боравишта интерно расељеног лица,0,0,1,1
ВЛАСОТИНЦЕ,Брисање по основу одјаве пребивалишта,6,6,1,13
ВЛАСОТИНЦЕ,Брисање по основу смрти лица,9,3,5,17
ВЛАСОТИНЦЕ,Промена адресе пребивалишта,36,77,52,165
ВЛАСОТИНЦЕ,Промена личних података,2,3,5,10
ВЛАСОТИНЦЕ,Упис по основу пријаве пребивалишта,5,0,8,13
ВЛАСОТИНЦЕ,Упис по основу стицања пунолетства,2,5,2,9
ВРЊАЧКА БАЊА,Брисање боравишта интерно расељеног лица,0,6,0,6
ВРЊАЧКА БАЊА,Брисање по основу одјаве пребивалишта,2,8,5,15
ВРЊАЧКА БАЊА,Брисање по основу смрти лица,8,11,9,28
ВРЊАЧКА БАЊА,Брисање по службеној дужности,0,5,0,5
ВРЊАЧКА БАЊА,Промена адресе боравишта интерно расељеног лица,0,2,0,2
ВРЊАЧКА БАЊА,Промена адресе пребивалишта,0,42,0,42
ВРЊАЧКА БАЊА,Промена личних података,0,4,1,5
ВРЊАЧКА БАЊА,Упис по основу пријаве боравишта интерно расељеног лица,0,2,0,2
ВРЊАЧКА БАЊА,Упис по основу пријаве пребивалишта,0,44,2,46
ВРЊАЧКА БАЊА,Упис по основу стицања пунолетства,0,9,0,9
ВРАЊЕ - ГРАД,Брисање по основу одјаве пребивалишта,21,16,10,47
ВРАЊЕ - ГРАД,Брисање по основу смрти лица,11,18,8,37
ВРАЊЕ - ГРАД,Брисање по службеној дужности,0,1,5,6
ВРАЊЕ - ГРАД,Исправка техничке грешке,0,1,0,1
ВРАЊЕ - ГРАД,Промена адресе боравишта интерно расељеног лица,0,0,1,1
ВРАЊЕ - ГРАД,Промена адресе пребивалишта,53,54,82,189
ВРАЊЕ - ГРАД,Промена личних података,5,10,8,23
ВРАЊЕ - ГРАД,Упис по основу пријаве пребивалишта,9,19,17,45
ВРАЊЕ - ГРАД,Упис по основу пријема у држављанство,0,1,2,3
ВРАЊЕ - ГРАД,Упис по основу стицања пунолетства,13,18,13,44
ВРАЊЕ-ВРАЊСКА БАЊА,Брисање по основу одјаве пребивалишта,3,5,3,11
ВРАЊЕ-ВРАЊСКА БАЊА,Брисање по основу смрти лица,3,2,3,8
ВРАЊЕ-ВРАЊСКА БАЊА,Брисање по службеној дужности,1,0,0,1
ВРАЊЕ-ВРАЊСКА БАЊА,Промена адресе пребивалишта,11,15,13,39
ВРАЊЕ-ВРАЊСКА БАЊА,Промена личних података,1,2,0,3
ВРАЊЕ-ВРАЊСКА БАЊА,Упис по основу пријаве пребивалишта,3,5,1,9
ВРАЊЕ-ВРАЊСКА БАЊА,Упис по основу стицања пунолетства,1,1,1,3
ВРБАС,Брисање по основу одјаве пребивалишта,7,12,9,28
ВРБАС,Брисање по основу смрти лица,7,8,13,28
ВРБАС,Брисање по службеној дужности,2,0,0,2
ВРБАС,Промена адресе пребивалишта,5,14,15,34
ВРБАС,Промена личних података,2,1,1,4
ВРБАС,Упис по основу пријаве пребивалишта,7,3,12,22
ВРБАС,Упис по основу стицања пунолетства,6,5,8,19
ВРШАЦ - ГРАД,Брисање по основу губитка пословне способности,2,1,0,3
ВРШАЦ - ГРАД,Брисање по основу одјаве пребивалишта,3,12,8,23
ВРШАЦ - ГРАД,Брисање по основу отпуста из држављанства,1,1,0,2
ВРШАЦ - ГРАД,Брисање по основу смрти лица,18,18,18,54
ВРШАЦ - ГРАД,Брисање по службеној дужности,0,3,7,10
ВРШАЦ - ГРАД,Промена адресе пребивалишта,8,11,22,41
ВРШАЦ - ГРАД,Промена личних података,7,2,3,12
ВРШАЦ - ГРАД,Упис по основу пријаве пребивалишта,27,8,11,46
ВРШАЦ - ГРАД,Упис по основу стицања пунолетства,12,7,14,33
ВУЧИТРН,Брисање по основу одјаве пребивалишта,1,2,4,7
ВУЧИТРН,Брисање по основу смрти лица,0,2,0,2
ВУЧИТРН,Упис по основу стицања пунолетства,0,1,0,1
ГЊИЛАНЕ,Брисање по основу одјаве пребивалишта,1,0,3,4
ГЊИЛАНЕ,Брисање по основу смрти лица,3,0,2,5
ГЊИЛАНЕ,Упис по основу пријаве пребивалишта,1,0,0,1
ГЊИЛАНЕ,Упис по основу стицања пунолетства,34,3,1,38
ГАЏИН ХАН,Брисање по основу одјаве пребивалишта,2,2,1,5
ГАЏИН ХАН,Брисање по основу смрти лица,1,1,4,6
ГАЏИН ХАН,Промена адресе пребивалишта,7,11,11,29
ГАЏИН ХАН,Промена личних података,1,0,0,1
ГАЏИН ХАН,Упис по основу пријаве пребивалишта,3,2,4,9
ГАЏИН ХАН,Упис по основу стицања пунолетства,0,1,2,3
ГОЛУБАЦ,Брисање по основу одјаве пребивалишта,4,7,5,16
ГОЛУБАЦ,Брисање по основу отпуста из држављанства,0,1,0,1
ГОЛУБАЦ,Брисање по основу смрти лица,5,3,5,13
ГОЛУБАЦ,Брисање по службеној дужности,0,0,2,2
ГОЛУБАЦ,Исправка техничке грешке,1,1,0,2
ГОЛУБАЦ,Промена адресе пребивалишта,49,15,32,96
ГОЛУБАЦ,Промена личних података,4,0,1,5
ГОЛУБАЦ,Упис по основу пријаве пребивалишта,0,13,2,15
ГОЛУБАЦ,Упис по основу стицања пунолетства,0,1,2,3
ГОРЊИ МИЛАНОВАЦ,Брисање боравишта интерно расељеног лица,1,1,0,2
ГОРЊИ МИЛАНОВАЦ,Брисање по основу губитка пословне способности,0,1,1,2
ГОРЊИ МИЛАНОВАЦ,Брисање по основу одјаве пребивалишта,7,9,14,30
ГОРЊИ МИЛАНОВАЦ,Брисање по основу смрти лица,13,16,12,41
ГОРЊИ МИЛАНОВАЦ,Брисање по службеној дужности,0,0,2,2
ГОРЊИ МИЛАНОВАЦ,Промена адресе пребивалишта,6,10,15,31
ГОРЊИ МИЛАНОВАЦ,Промена личних података,4,6,3,13
ГОРЊИ МИЛАНОВАЦ,Упис по основу пријаве пребивалишта,10,7,6,23
ГОРЊИ МИЛАНОВАЦ,Упис по основу стицања пунолетства,8,7,10,25
ГОРА,Брисање по основу одјаве пребивалишта,1,0,1,2
ГОРА,Брисање по основу смрти лица,2,1,0,3
ДЕСПОТОВАЦ,Брисање по основу одјаве пребивалишта,2,8,6,16
ДЕСПОТОВАЦ,Брисање по основу смрти лица,6,8,3,17
ДЕСПОТОВАЦ,Брисање по службеној дужности,0,2,7,9
ДЕСПОТОВАЦ,Промена адресе пребивалишта,1,1,4,6
ДЕСПОТОВАЦ,Промена личних података,1,2,0,3
ДЕСПОТОВАЦ,Упис по основу пријаве пребивалишта,7,3,1,11
ДЕСПОТОВАЦ,Упис по основу стицања пунолетства,7,2,7,16
ДИМИТРОВГРАД,Брисање по основу одјаве пребивалишта,1,2,1,4
ДИМИТРОВГРАД,Брисање по основу смрти лица,1,4,3,8
ДИМИТРОВГРАД,Исправка техничке грешке,1,0,0,1
ДИМИТРОВГРАД,Промена адресе пребивалишта,7,11,9,27
ДИМИТРОВГРАД,Промена личних података,1,2,2,5
ДИМИТРОВГРАД,Упис по основу стицања пунолетства,1,1,0,2
ДОЉЕВАЦ,Брисање по основу одјаве пребивалишта,3,4,8,15
ДОЉЕВАЦ,Брисање по основу смрти лица,5,5,3,13
ДОЉЕВАЦ,Промена адресе пребивалишта,24,42,34,100
ДОЉЕВАЦ,Промена личних података,0,2,2,4
ДОЉЕВАЦ,Упис по основу пријаве пребивалишта,0,13,9,22
ДОЉЕВАЦ,Упис по основу стицања пунолетства,0,5,1,6
ЖАБАЉ,Брисање по основу одјаве пребивалишта,5,7,13,25
ЖАБАЉ,Брисање по основу отпуста из држављанства,0,0,2,2
ЖАБАЉ,Брисање по основу смрти лица,5,8,4,17
ЖАБАЉ,Брисање по службеној дужности,0,0,8,8
ЖАБАЉ,Промена адресе пребивалишта,3,6,12,21
ЖАБАЉ,Промена личних података,1,5,1,7
ЖАБАЉ,Упис по основу пријаве пребивалишта,7,6,11,24
ЖАБАЉ,Упис по основу стицања пунолетства,2,6,10,18
ЖАБАРИ,Брисање по основу одјаве пребивалишта,0,6,4,10
ЖАБАРИ,Брисање по основу смрти лица,4,2,7,13
ЖАБАРИ,Промена адресе пребивалишта,9,9,5,23
ЖАБАРИ,Промена личних података,0,0,1,1
ЖАБАРИ,Упис по основу пријаве пребивалишта,4,5,4,13
ЖАБАРИ,Упис по основу стицања пунолетства,2,4,1,7
ЖАГУБИЦА,Брисање по основу одјаве пребивалишта,3,8,6,17
ЖАГУБИЦА,Брисање по основу смрти лица,5,3,9,17
ЖАГУБИЦА,Брисање по службеној дужности,0,1,7,8
ЖАГУБИЦА,Промена адресе пребивалишта,12,42,24,78
ЖАГУБИЦА,Промена личних података,1,1,1,3
ЖАГУБИЦА,Упис по основу пријаве пребивалишта,3,0,1,4
ЖАГУБИЦА,Упис по основу стицања пунолетства,3,3,2,8
ЖИТИШТЕ,Брисање по основу одјаве пребивалишта,3,6,8,17
ЖИТИШТЕ,Брисање по основу смрти лица,6,5,0,11
ЖИТИШТЕ,Брисање по службеној дужности,0,1,3,4
ЖИТИШТЕ,Промена адресе пребивалишта,4,2,3,9
ЖИТИШТЕ,Промена личних података,3,1,0,4
ЖИТИШТЕ,Упис по основу пријаве пребивалишта,2,3,4,9
ЖИТИШТЕ,Упис по основу стицања пунолетства,4,2,1,7
ЖИТОРАЂА,Брисање по основу одјаве пребивалишта,3,5,5,13
ЖИТОРАЂА,Брисање по основу смрти лица,3,9,8,20
ЖИТОРАЂА,Промена адресе пребивалишта,6,31,2,39
ЖИТОРАЂА,Промена личних података,0,3,2,5
ЖИТОРАЂА,Упис по основу пријаве пребивалишта,0,7,9,16
ЖИТОРАЂА,Упис по основу стицања пунолетства,0,3,4,7
ЗАЈЕЧАР - ГРАД,Брисање по основу одјаве пребивалишта,12,21,13,46
ЗАЈЕЧАР - ГРАД,Брисање по основу отпуста из држављанства,0,0,4,4
ЗАЈЕЧАР - ГРАД,Брисање по основу смрти лица,30,25,20,75
ЗАЈЕЧАР - ГРАД,Брисање по службеној дужности,0,1,0,1
ЗАЈЕЧАР - ГРАД,Промена адресе пребивалишта,9,7,16,32
ЗАЈЕЧАР - ГРАД,Промена личних података,7,5,4,16
ЗАЈЕЧАР - ГРАД,Упис по основу пријаве пребивалишта,8,18,15,41
ЗАЈЕЧАР - ГРАД,Упис по основу стицања пунолетства,6,12,7,25
ЗВЕЧАН,Брисање по основу одјаве пребивалишта,0,5,3,8
ЗВЕЧАН,Брисање по основу смрти лица,0,2,1,3
ЗВЕЧАН,Промена личних података,0,1,0,1
ЗВЕЧАН,Упис по основу стицања пунолетства,3,2,0,5
ЗРЕЊАНИН - ГРАД,Брисање по основу губитка пословне способности,0,0,3,3
ЗРЕЊАНИН - ГРАД,Брисање по основу одјаве пребивалишта,13,8,27,48
ЗРЕЊАНИН - ГРАД,Брисање по основу смрти лица,34,26,24,84
ЗРЕЊАНИН - ГРАД,Брисање по службеној дужности,7,44,9,60
ЗРЕЊАНИН - ГРАД,Промена адресе боравишта интерно расељеног лица,0,0,2,2
ЗРЕЊАНИН - ГРАД,Промена адресе пребивалишта,33,77,240,350
ЗРЕЊАНИН - ГРАД,Промена личних података,8,17,14,39
ЗРЕЊАНИН - ГРАД,Упис по основу пријаве боравишта интерно расељеног лица,0,0,1,1
ЗРЕЊАНИН - ГРАД,Упис по основу пријаве пребивалишта,7,55,30,92
ЗРЕЊАНИН - ГРАД,Упис по основу стицања пунолетства,27,21,18,66
ЗУБИН ПОТОК,Брисање по основу одјаве пребивалишта,2,3,2,7
ЗУБИН ПОТОК,Брисање по основу смрти лица,0,0,3,3
ЗУБИН ПОТОК,Промена личних података,229,38,0,267
ЗУБИН ПОТОК,Упис по основу пријаве пребивалишта,0,2,0,2
ИВАЊИЦА,Брисање по основу одјаве пребивалишта,4,4,2,10
ИВАЊИЦА,Брисање по основу смрти лица,5,10,4,19
ИВАЊИЦА,Промена адресе пребивалишта,1,6,2,9
ИВАЊИЦА,Промена личних података,0,0,1,1
ИВАЊИЦА,Упис по основу пријаве пребивалишта,1,8,0,9
ИВАЊИЦА,Упис по основу стицања пунолетства,1,6,5,12
ИНЂИЈА,Брисање по основу одјаве пребивалишта,6,9,15,30
ИНЂИЈА,Брисање по основу смрти лица,16,17,12,45
ИНЂИЈА,Брисање по службеној дужности,0,5,5,10
ИНЂИЈА,Промена адресе пребивалишта,12,21,23,56
ИНЂИЈА,Промена личних података,6,4,3,13
ИНЂИЈА,Упис по основу пријаве пребивалишта,12,17,14,43
ИНЂИЈА,Упис по основу стицања пунолетства,11,14,7,32
ИРИГ,Брисање по основу одјаве пребивалишта,3,2,5,10
ИРИГ,Брисање по основу смрти лица,4,3,2,9
ИРИГ,Брисање по службеној дужности,0,3,0,3
ИРИГ,Промена адресе пребивалишта,0,3,3,6
ИРИГ,Промена личних података,1,0,1,2
ИРИГ,Упис по основу пријаве пребивалишта,2,4,5,11
ИРИГ,Упис по основу стицања пунолетства,0,1,4,5
ИСТОК,Брисање по основу одјаве пребивалишта,2,4,6,12
ИСТОК,Брисање по основу смрти лица,0,0,1,1
ИСТОК,Упис по основу пријаве пребивалишта,1,0,0,1
КЊАЖЕВАЦ,Брисање боравишта интерно расељеног лица,1,0,0,1
КЊАЖЕВАЦ,Брисање по основу губитка пословне способности,1,0,0,1
КЊАЖЕВАЦ,Брисање по основу одјаве пребивалишта,2,3,4,9
КЊАЖЕВАЦ,Брисање по основу смрти лица,9,11,7,27
КЊАЖЕВАЦ,Исправка техничке грешке,0,1,1,2
КЊАЖЕВАЦ,Промена адресе пребивалишта,106,82,24,212
КЊАЖЕВАЦ,Промена личних података,2,3,0,5
КЊАЖЕВАЦ,Упис по основу пријаве пребивалишта,4,21,1,26
КЊАЖЕВАЦ,Упис по основу стицања пунолетства,4,8,13,25
КАЊИЖА,Брисање по основу одјаве пребивалишта,3,3,4,10
КАЊИЖА,Брисање по основу отпуста из држављанства,1,0,0,1
КАЊИЖА,Брисање по основу смрти лица,13,4,7,24
КАЊИЖА,Брисање по службеној дужности,1,0,5,6
КАЊИЖА,Промена адресе пребивалишта,8,0,15,23
КАЊИЖА,Промена личних података,4,0,5,9
КАЊИЖА,Упис по основу пријаве пребивалишта,9,0,6,15
КАЊИЖА,Упис по основу стицања пунолетства,2,0,0,2
КИКИНДА - ГРАД,Брисање по основу одјаве пребивалишта,6,11,11,28
КИКИНДА - ГРАД,Брисање по основу смрти лица,21,16,24,61
КИКИНДА - ГРАД,Брисање по службеној дужности,0,1,1,2
КИКИНДА - ГРАД,Исправка техничке грешке,0,1,0,1
КИКИНДА - ГРАД,Промена адресе пребивалишта,9,21,22,52
КИКИНДА - ГРАД,Промена личних података,4,5,2,11
КИКИНДА - ГРАД,Упис по основу пријаве пребивалишта,11,2,7,20
КИКИНДА - ГРАД,Упис по основу стицања пунолетства,12,8,5,25
КЛАДОВО,Брисање по основу одјаве пребивалишта,2,5,3,10
КЛАДОВО,Брисање по основу смрти лица,7,5,7,19
КЛАДОВО,Потврда о изборном праву кандидата за одборнике,0,1,1,2
КЛАДОВО,Промена адресе пребивалишта,5,6,9,20
КЛАДОВО,Промена личних података,3,1,1,5
КЛАДОВО,Упис по основу пријаве пребивалишта,0,6,6,12
КЛАДОВО,Упис по основу стицања пунолетства,2,4,16,22
КЛИНА,Брисање по основу одјаве пребивалишта,5,2,3,10
КЛИНА,Брисање по основу смрти лица,0,1,0,1
КНИЋ,Брисање по основу одјаве пребивалишта,2,3,6,11
КНИЋ,Брисање по основу смрти лица,5,3,5,13
КНИЋ,Брисање по службеној дужности,0,1,2,3
КНИЋ,Промена адресе пребивалишта,26,27,37,90
КНИЋ,Промена личних података,1,1,1,3
КНИЋ,Упис по основу пријаве пребивалишта,1,2,2,5
КНИЋ,Упис по основу стицања пунолетства,2,0,3,5
КОВАЧИЦА,Брисање по основу губитка пословне способности,8,0,0,8
КОВАЧИЦА,Брисање по основу одјаве пребивалишта,1,8,2,11
КОВАЧИЦА,Брисање по основу смрти лица,6,8,5,19
КОВАЧИЦА,Исправка техничке грешке,1,0,0,1
КОВАЧИЦА,Промена адресе пребивалишта,7,4,9,20
КОВАЧИЦА,Промена личних података,1,0,0,1
КОВАЧИЦА,Упис по основу пријаве пребивалишта,1,1,2,4
КОВАЧИЦА,Упис по основу стицања пунолетства,5,8,5,18
КОВИН,Брисање по основу одјаве пребивалишта,8,6,6,20
КОВИН,Брисање по основу смрти лица,18,7,10,35
КОВИН,Брисање по службеној дужности,0,2,4,6
КОВИН,Промена адресе пребивалишта,8,16,18,42
КОВИН,Промена личних података,1,2,13,16
КОВИН,Упис по основу пријаве пребивалишта,13,5,8,26
КОВИН,Упис по основу пријема у држављанство,0,1,0,1
КОВИН,Упис по основу стицања пунолетства,2,11,8,21
КОСЈЕРИЋ,Брисање по основу одјаве пребивалишта,3,0,1,4
КОСЈЕРИЋ,Брисање по основу смрти лица,1,3,4,8
КОСЈЕРИЋ,Промена адресе пребивалишта,13,29,10,52
КОСЈЕРИЋ,Промена личних података,0,1,1,2
КОСЈЕРИЋ,Упис по основу пријаве пребивалишта,1,2,1,4
КОСЈЕРИЋ,Упис по основу стицања пунолетства,2,1,3,6
КОСОВО ПОЉЕ,Брисање по основу одјаве пребивалишта,2,0,3,5
КОСОВО ПОЉЕ,Упис по основу стицања пунолетства,0,1,1,2
КОСОВСКА КАМЕНИЦА,Брисање по основу одјаве пребивалишта,0,1,6,7
КОСОВСКА КАМЕНИЦА,Брисање по основу смрти лица,1,1,2,4
КОСОВСКА КАМЕНИЦА,Промена личних података,0,0,1,1
КОСОВСКА КАМЕНИЦА,Упис по основу стицања пунолетства,1,0,3,4
КОСОВСКА МИТРОВИЦА,Брисање боравишта интерно расељеног лица,1,0,0,1
КОСОВСКА МИТРОВИЦА,Брисање по основу одјаве пребивалишта,4,5,4,13
КОСОВСКА МИТРОВИЦА,Брисање по основу смрти лица,2,5,3,10
КОСОВСКА МИТРОВИЦА,Брисање по службеној дужности,0,2,1,3
КОСОВСКА МИТРОВИЦА,Потврда о упису у бирачки списак,0,0,1,1
КОСОВСКА МИТРОВИЦА,Промена личних података,1,0,2,3
КОСОВСКА МИТРОВИЦА,Упис по основу пријаве пребивалишта,2,1,3,6
КОСОВСКА МИТРОВИЦА,Упис по основу стицања пунолетства,8,2,6,16
КОЦЕЉЕВА,Брисање по основу одјаве пребивалишта,1,7,7,15
КОЦЕЉЕВА,Брисање по основу смрти лица,4,5,4,13
КОЦЕЉЕВА,Промена адресе пребивалишта,9,17,20,46
КОЦЕЉЕВА,Промена личних података,1,2,3,6
КОЦЕЉЕВА,Упис по основу пријаве пребивалишта,3,4,7,14
КОЦЕЉЕВА,Упис по основу стицања пунолетства,0,2,1,3
КРАЉЕВО - ГРАД,Брисање боравишта интерно расељеног лица,3,3,2,8
КРАЉЕВО - ГРАД,Брисање по основу губитка пословне способности,0,0,3,3
КРАЉЕВО - ГРАД,Брисање по основу одјаве пребивалишта,11,20,28,59
КРАЉЕВО - ГРАД,Брисање по основу отпуста из држављанства,0,0,4,4
КРАЉЕВО - ГРАД,Брисање по основу смрти лица,38,34,39,111
КРАЉЕВО - ГРАД,Брисање по службеној дужности,1,0,20,21
КРАЉЕВО - ГРАД,Исправка техничке грешке,0,2,0,2
КРАЉЕВО - ГРАД,Промена адресе боравишта интерно расељеног лица,2,0,4,6
КРАЉЕВО - ГРАД,Промена адресе пребивалишта,49,78,143,270
КРАЉЕВО - ГРАД,Промена личних података,14,14,14,42
КРАЉЕВО - ГРАД,Упис по основу пријаве боравишта интерно расељеног лица,8,8,8,24
КРАЉЕВО - ГРАД,Упис по основу пријаве пребивалишта,26,20,17,63
КРАЉЕВО - ГРАД,Упис по основу стицања пунолетства,18,32,24,74
КРАГУЈЕВАЦ - ГРАД,Брисање боравишта интерно расељеног лица,0,1,4,5
КРАГУЈЕВАЦ - ГРАД,Брисање по основу одјаве пребивалишта,17,31,27,75
КРАГУЈЕВАЦ - ГРАД,Брисање по основу отпуста из држављанства,0,0,4,4
КРАГУЈЕВАЦ - ГРАД,Брисање по основу смрти лица,39,60,46,145
КРАГУЈЕВАЦ - ГРАД,Брисање по службеној дужности,8,12,4,24
КРАГУЈЕВАЦ - ГРАД,Исправка техничке грешке,1,0,0,1
КРАГУЈЕВАЦ - ГРАД,Промена адресе боравишта интерно расељеног лица,2,1,2,5
КРАГУЈЕВАЦ - ГРАД,Промена адресе пребивалишта,59,103,110,272
КРАГУЈЕВАЦ - ГРАД,Промена личних података,9,14,11,34
КРАГУЈЕВАЦ - ГРАД,Упис по основу пријаве боравишта интерно расељеног лица,2,4,2,8
КРАГУЈЕВАЦ - ГРАД,Упис по основу пријаве пребивалишта,33,32,64,129
КРАГУЈЕВАЦ - ГРАД,Упис по основу стицања пунолетства,36,20,37,93
КРУПАЊ,Брисање по основу одјаве пребивалишта,5,6,7,18
КРУПАЊ,Брисање по основу смрти лица,7,6,8,21
КРУПАЊ,Промена адресе пребивалишта,18,20,29,67
КРУПАЊ,Промена личних података,0,2,0,2
КРУПАЊ,Упис по основу пријаве пребивалишта,2,0,0,2
КРУПАЊ,Упис по основу стицања пунолетства,1,4,1,6
КРУШЕВАЦ - ГРАД,Брисање боравишта интерно расељеног лица,1,2,4,7
КРУШЕВАЦ - ГРАД,Брисање по основу дуплог уписа,0,0,2,2
КРУШЕВАЦ - ГРАД,Брисање по основу одјаве пребивалишта,15,20,23,58
КРУШЕВАЦ - ГРАД,Брисање по основу отпуста из држављанства,0,0,5,5
КРУШЕВАЦ - ГРАД,Брисање по основу смрти лица,29,44,34,107
КРУШЕВАЦ - ГРАД,Брисање по службеној дужности,0,9,2,11
КРУШЕВАЦ - ГРАД,Исправка техничке грешке,0,0,1,1
КРУШЕВАЦ - ГРАД,Промена адресе боравишта интерно расељеног лица,1,1,0,2
КРУШЕВАЦ - ГРАД,Промена адресе пребивалишта,50,89,87,226
КРУШЕВАЦ - ГРАД,Промена личних података,7,10,5,22
КРУШЕВАЦ - ГРАД,Упис по основу пријаве боравишта интерно расељеног лица,2,2,4,8
КРУШЕВАЦ - ГРАД,Упис по основу пријаве пребивалишта,25,15,38,78
КРУШЕВАЦ - ГРАД,Упис по основу пријема у држављанство,0,0,2,2
КРУШЕВАЦ - ГРАД,Упис по основу стицања пунолетства,21,20,32,73
КУЛА,Брисање по основу губитка пословне способности,0,0,1,1
КУЛА,Брисање по основу одјаве пребивалишта,1,6,13,20
КУЛА,Брисање по основу смрти лица,10,9,13,32
КУЛА,Брисање по службеној дужности,0,1,2,3
КУЛА,Потврда о упису у бирачки списак,0,0,1,1
КУЛА,Промена адресе пребивалишта,7,15,17,39
КУЛА,Промена личних података,2,8,8,18
КУЛА,Упис по основу пријаве пребивалишта,8,29,9,46
КУЛА,Упис по основу стицања пунолетства,4,3,32,39
КУРШУМЛИЈА,Брисање боравишта интерно расељеног лица,0,5,0,5
КУРШУМЛИЈА,Брисање по основу одјаве пребивалишта,4,11,6,21
КУРШУМЛИЈА,Брисање по основу смрти лица,7,4,5,16
КУРШУМЛИЈА,Брисање по службеној дужности,1,1,0,2
КУРШУМЛИЈА,Промена адресе боравишта интерно расељеног лица,1,0,1,2
КУРШУМЛИЈА,Промена адресе пребивалишта,20,20,8,48
КУРШУМЛИЈА,Промена личних података,1,1,0,2
КУРШУМЛИЈА,Упис по основу пријаве боравишта интерно расељеног лица,0,1,0,1
КУРШУМЛИЈА,Упис по основу пријаве пребивалишта,2,5,4,11
КУРШУМЛИЈА,Упис по основу пријема у држављанство,1,0,0,1
КУРШУМЛИЈА,Упис по основу стицања пунолетства,4,2,4,10
КУЧЕВО,Брисање по основу губитка пословне способности,0,4,0,4
КУЧЕВО,Брисање по основу одјаве пребивалишта,7,9,4,20
КУЧЕВО,Брисање по основу отпуста из држављанства,0,0,6,6
КУЧЕВО,Брисање по основу смрти лица,5,5,2,12
КУЧЕВО,Исправка техничке грешке,1,0,0,1
КУЧЕВО,Промена адресе пребивалишта,22,41,39,102
КУЧЕВО,Промена личних података,0,1,1,2
КУЧЕВО,Упис по основу пријаве пребивалишта,4,5,9,18
КУЧЕВО,Упис по основу стицања пунолетства,3,5,3,11
ЛАЈКОВАЦ,Брисање по основу одјаве пребивалишта,5,4,3,12
ЛАЈКОВАЦ,Брисање по основу смрти лица,2,2,4,8
ЛАЈКОВАЦ,Промена адресе пребивалишта,0,4,2,6
ЛАЈКОВАЦ,Промена личних података,1,1,0,2
ЛАЈКОВАЦ,Упис по основу пријаве пребивалишта,0,7,4,11
ЛАЈКОВАЦ,Упис по основу стицања пунолетства,2,1,5,8
ЛАПОВО,Брисање боравишта интерно расељеног лица,0,0,1,1
ЛАПОВО,Брисање по основу одјаве пребивалишта,6,3,1,10
ЛАПОВО,Брисање по основу смрти лица,4,5,3,12
ЛАПОВО,Исправка техничке грешке,1,0,0,1
ЛАПОВО,Промена адресе боравишта интерно расељеног лица,0,0,1,1
ЛАПОВО,Промена адресе пребивалишта,5,1,0,6
ЛАПОВО,Упис по основу пријаве пребивалишта,1,5,1,7
ЛАПОВО,Упис по основу стицања пунолетства,4,1,1,6
ЛЕБАНЕ,Брисање боравишта интерно расељеног лица,0,1,0,1
ЛЕБАНЕ,Брисање по основу одјаве пребивалишта,4,6,8,18
ЛЕБАНЕ,Брисање по основу смрти лица,8,13,3,24
ЛЕБАНЕ,Промена адресе пребивалишта,103,58,123,284
ЛЕБАНЕ,Промена личних података,1,0,1,2
ЛЕБАНЕ,Упис по основу пријаве пребивалишта,6,3,5,14
ЛЕБАНЕ,Упис по основу стицања пунолетства,3,6,3,12
ЛЕПОСАВИЋ,Брисање боравишта интерно расељеног лица,0,0,1,1
ЛЕПОСАВИЋ,Брисање по основу одјаве пребивалишта,5,7,4,16
ЛЕПОСАВИЋ,Брисање по основу смрти лица,0,4,4,8
ЛЕПОСАВИЋ,Промена личних података,0,0,2,2
ЛЕПОСАВИЋ,Упис по основу пријаве пребивалишта,0,6,1,7
ЛЕСКОВАЦ - ГРАД,Брисање боравишта интерно расељеног лица,0,1,0,1
ЛЕСКОВАЦ - ГРАД,Брисање по основу одјаве пребивалишта,12,25,20,57
ЛЕСКОВАЦ - ГРАД,Брисање по основу отпуста из држављанства,0,2,0,2
ЛЕСКОВАЦ - ГРАД,Брисање по основу смрти лица,30,36,41,107
ЛЕСКОВАЦ - ГРАД,Брисање по службеној дужности,2,2,7,11
ЛЕСКОВАЦ - ГРАД,Исправка техничке грешке,1,0,0,1
ЛЕСКОВАЦ - ГРАД,Промена адресе боравишта интерно расељеног лица,0,0,1,1
ЛЕСКОВАЦ - ГРАД,Промена адресе пребивалишта,36,273,123,432
ЛЕСКОВАЦ - ГРАД,Промена личних података,5,8,7,20
ЛЕСКОВАЦ - ГРАД,Упис по основу пријаве пребивалишта,15,34,28,77
ЛЕСКОВАЦ - ГРАД,Упис по основу стицања пунолетства,21,19,29,69
ЛИПЉАН,Брисање по основу одјаве пребивалишта,1,5,1,7
ЛИПЉАН,Брисање по основу смрти лица,0,2,2,4
ЛИПЉАН,Упис по основу пријаве пребивалишта,0,2,4,6
ЛИПЉАН,Упис по основу стицања пунолетства,1,3,3,7
ЛОЗНИЦА - ГРАД,Брисање по основу одјаве пребивалишта,14,9,11,34
ЛОЗНИЦА - ГРАД,Брисање по основу отпуста из држављанства,1,0,0,1
ЛОЗНИЦА - ГРАД,Брисање по основу смрти лица,30,15,12,57
ЛОЗНИЦА - ГРАД,Брисање по службеној дужности,0,7,11,18
ЛОЗНИЦА - ГРАД,Исправка техничке грешке,1,1,1,3
ЛОЗНИЦА - ГРАД,Промена адресе пребивалишта,105,110,114,329
ЛОЗНИЦА - ГРАД,Промена личних података,7,12,8,27
ЛОЗНИЦА - ГРАД,Упис по основу пријаве пребивалишта,20,23,23,66
ЛОЗНИЦА - ГРАД,Упис по основу стицања пунолетства,21,12,17,50
ЛУЧАНИ,Брисање по основу одјаве пребивалишта,1,4,6,11
ЛУЧАНИ,Брисање по основу смрти лица,5,7,6,18
ЛУЧАНИ,Потврда о изборном праву кандидата за одборнике,0,37,0,37
ЛУЧАНИ,Потврда о упису у бирачки списак,0,1,0,1
ЛУЧАНИ,Промена адресе пребивалишта,4,9,1,14
ЛУЧАНИ,Промена личних података,1,1,4,6
ЛУЧАНИ,Упис по основу пријаве пребивалишта,1,7,11,19
ЛУЧАНИ,Упис по основу стицања пунолетства,0,3,6,9
МАЈДАНПЕК,Брисање по основу губитка пословне способности,0,0,1,1
МАЈДАНПЕК,Брисање по основу одјаве пребивалишта,7,7,10,24
МАЈДАНПЕК,Брисање по основу смрти лица,5,4,2,11
МАЈДАНПЕК,Брисање по службеној дужности,0,2,5,7
МАЈДАНПЕК,Исправка техничке грешке,1,0,0,1
МАЈДАНПЕК,Потврда о изборном праву,0,2,1,3
МАЈДАНПЕК,Потврда о изборном праву кандидата за одборнике,0,0,1,1
МАЈДАНПЕК,Промена адресе пребивалишта,20,23,18,61
МАЈДАНПЕК,Промена личних података,2,0,1,3
МАЈДАНПЕК,Упис по основу пријаве пребивалишта,3,17,1,21
МАЈДАНПЕК,Упис по основу стицања пунолетства,3,2,7,12
МАЛИ ЗВОРНИК,Брисање по основу одјаве пребивалишта,4,8,7,19
МАЛИ ЗВОРНИК,Брисање по основу смрти лица,1,5,2,8
МАЛИ ЗВОРНИК,Брисање по службеној дужности,19,8,0,27
МАЛИ ЗВОРНИК,Промена адресе пребивалишта,12,18,12,42
МАЛИ ЗВОРНИК,Промена личних података,3,1,0,4
МАЛИ ЗВОРНИК,Упис по основу пријаве пребивалишта,4,11,9,24
МАЛИ ЗВОРНИК,Упис по основу пријема у држављанство,1,0,0,1
МАЛИ ЗВОРНИК,Упис по основу стицања пунолетства,2,3,1,6
МАЛИ ИЂОШ,Брисање по основу губитка пословне способности,0,0,2,2
МАЛИ ИЂОШ,Брисање по основу дуплог уписа,0,1,1,2
МАЛИ ИЂОШ,Брисање по основу одјаве пребивалишта,4,2,6,12
МАЛИ ИЂОШ,Брисање по основу смрти лица,4,2,7,13
МАЛИ ИЂОШ,Брисање по службеној дужности,1,0,0,1
МАЛИ ИЂОШ,Промена адресе пребивалишта,7,1,4,12
МАЛИ ИЂОШ,Промена личних података,0,0,1,1
МАЛИ ИЂОШ,Упис по основу пријаве пребивалишта,1,1,13,15
МАЛИ ИЂОШ,Упис по основу стицања пунолетства,5,1,2,8
МАЛО ЦРНИЋЕ,Брисање по основу одјаве пребивалишта,3,6,7,16
МАЛО ЦРНИЋЕ,Брисање по основу смрти лица,3,4,3,10
МАЛО ЦРНИЋЕ,Брисање по службеној дужности,0,0,3,3
МАЛО ЦРНИЋЕ,Промена адресе пребивалишта,23,28,12,63
МАЛО ЦРНИЋЕ,Промена личних података,2,3,0,5
МАЛО ЦРНИЋЕ,Упис по основу пријаве пребивалишта,4,6,3,13
МАЛО ЦРНИЋЕ,Упис по основу стицања пунолетства,2,2,0,4
МЕДВЕЂА,Брисање по основу одјаве пребивалишта,2,4,2,8
МЕДВЕЂА,Брисање по основу смрти лица,1,1,1,3
МЕДВЕЂА,Промена адресе пребивалишта,19,6,38,63
МЕДВЕЂА,Промена личних података,0,1,0,1
МЕДВЕЂА,Упис по основу пријаве пребивалишта,4,1,0,5
МЕДВЕЂА,Упис по основу стицања пунолетства,2,1,4,7
МЕРОШИНА,Брисање по основу одјаве пребивалишта,1,2,5,8
МЕРОШИНА,Брисање по основу смрти лица,3,6,2,11
МЕРОШИНА,Промена адресе пребивалишта,19,28,31,78
МЕРОШИНА,Промена личних података,0,0,1,1
МЕРОШИНА,Упис по основу пријаве пребивалишта,9,2,2,13
МЕРОШИНА,Упис по основу стицања пунолетства,3,2,1,6
МИОНИЦА,Брисање по основу одјаве пребивалишта,2,0,6,8
МИОНИЦА,Брисање по основу смрти лица,5,4,8,17
МИОНИЦА,Брисање по службеној дужности,0,0,1,1
МИОНИЦА,Промена адресе пребивалишта,17,41,29,87
МИОНИЦА,Промена личних података,1,1,1,3
МИОНИЦА,Упис по основу пријаве пребивалишта,3,4,2,9
МИОНИЦА,Упис по основу стицања пунолетства,3,4,1,8
НЕГОТИН,Брисање по основу одјаве пребивалишта,4,8,8,20
НЕГОТИН,Брисање по основу смрти лица,11,12,15,38
НЕГОТИН,Брисање по службеној дужности,0,1,0,1
НЕГОТИН,Промена адресе пребивалишта,30,75,54,159
НЕГОТИН,Промена личних података,5,4,5,14
НЕГОТИН,Упис по основу пријаве пребивалишта,8,12,4,24
НЕГОТИН,Упис по основу пријема у држављанство,1,0,1,2
НЕГОТИН,Упис по основу стицања пунолетства,9,8,8,25
НИШ-МЕДИЈАНА,Брисање боравишта интерно расељеног лица,0,0,2,2
НИШ-МЕДИЈАНА,Брисање по основу одјаве пребивалишта,32,38,46,116
НИШ-МЕДИЈАНА,Брисање по основу смрти лица,15,24,24,63
НИШ-МЕДИЈАНА,Брисање по службеној дужности,4,11,3,18
НИШ-МЕДИЈАНА,Промена адресе пребивалишта,14,7,51,72
НИШ-МЕДИЈАНА,Промена личних података,7,5,2,14
НИШ-МЕДИЈАНА,Упис по основу пријаве боравишта интерно расељеног лица,2,0,2,4
НИШ-МЕДИЈАНА,Упис по основу пријаве пребивалишта,46,45,70,161
НИШ-МЕДИЈАНА,Упис по основу пријема у држављанство,0,0,1,1
НИШ-МЕДИЈАНА,Упис по основу стицања пунолетства,14,20,13,47
НИШ-НИШКА БАЊА,Брисање боравишта интерно расељеног лица,1,0,0,1
НИШ-НИШКА БАЊА,Брисање по основу одјаве пребивалишта,5,4,8,17
НИШ-НИШКА БАЊА,Брисање по основу смрти лица,0,3,7,10
НИШ-НИШКА БАЊА,Брисање по службеној дужности,0,0,1,1
НИШ-НИШКА БАЊА,Промена адресе пребивалишта,2,13,5,20
НИШ-НИШКА БАЊА,Промена личних података,2,0,0,2
НИШ-НИШКА БАЊА,Упис по основу пријаве пребивалишта,1,2,2,5
НИШ-НИШКА БАЊА,Упис по основу стицања пунолетства,2,6,2,10
НИШ-ПАЛИЛУЛА,Брисање боравишта интерно расељеног лица,0,0,1,1
НИШ-ПАЛИЛУЛА,Брисање по основу губитка пословне способности,0,0,1,1
НИШ-ПАЛИЛУЛА,Брисање по основу одјаве пребивалишта,30,29,43,102
НИШ-ПАЛИЛУЛА,Брисање по основу смрти лица,15,16,18,49
НИШ-ПАЛИЛУЛА,Брисање по службеној дужности,4,8,2,14
НИШ-ПАЛИЛУЛА,Исправка техничке грешке,0,1,0,1
НИШ-ПАЛИЛУЛА,Промена адресе пребивалишта,13,35,44,92
НИШ-ПАЛИЛУЛА,Промена личних података,7,8,4,19
НИШ-ПАЛИЛУЛА,Упис по основу пријаве боравишта интерно расељеног лица,1,0,1,2
НИШ-ПАЛИЛУЛА,Упис по основу пријаве пребивалишта,20,25,35,80
НИШ-ПАЛИЛУЛА,Упис по основу стицања пунолетства,18,16,23,57
НИШ-ПАНТЕЛЕЈ,Брисање боравишта интерно расељеног лица,0,0,5,5
НИШ-ПАНТЕЛЕЈ,Брисање по основу одјаве пребивалишта,10,29,17,56
НИШ-ПАНТЕЛЕЈ,Брисање по основу смрти лица,13,16,18,47
НИШ-ПАНТЕЛЕЈ,Брисање по службеној дужности,1,6,1,8
НИШ-ПАНТЕЛЕЈ,Промена адресе пребивалишта,26,25,39,90
НИШ-ПАНТЕЛЕЈ,Промена личних података,5,3,6,14
НИШ-ПАНТЕЛЕЈ,Упис по основу пријаве пребивалишта,29,22,43,94
НИШ-ПАНТЕЛЕЈ,Упис по основу стицања пунолетства,10,6,10,26
НИШ-ЦРВЕНИ КРСТ,Брисање по основу одјаве пребивалишта,9,14,14,37
НИШ-ЦРВЕНИ КРСТ,Брисање по основу смрти лица,6,14,8,28
НИШ-ЦРВЕНИ КРСТ,Брисање по службеној дужности,0,4,3,7
НИШ-ЦРВЕНИ КРСТ,Промена адресе боравишта интерно расељеног лица,0,1,0,1
НИШ-ЦРВЕНИ КРСТ,Промена адресе пребивалишта,10,25,23,58
НИШ-ЦРВЕНИ КРСТ,Промена личних података,4,3,2,9
НИШ-ЦРВЕНИ КРСТ,Упис по основу пријаве пребивалишта,9,18,17,44
НИШ-ЦРВЕНИ КРСТ,Упис по основу стицања пунолетства,8,5,8,21
НОВА ВАРОШ,Брисање по основу одјаве пребивалишта,3,4,4,11
НОВА ВАРОШ,Брисање по основу смрти лица,6,6,4,16
НОВА ВАРОШ,Промена адресе пребивалишта,1,0,0,1
НОВА ВАРОШ,Упис по основу пријаве пребивалишта,1,1,4,6
НОВА ВАРОШ,Упис по основу стицања пунолетства,1,2,1,4
НОВА ЦРЊА,Брисање по основу губитка пословне способности,1,0,0,1
НОВА ЦРЊА,Брисање по основу одјаве пребивалишта,1,3,4,8
НОВА ЦРЊА,Брисање по основу смрти лица,2,5,5,12
НОВА ЦРЊА,Промена адресе пребивалишта,0,4,6,10
НОВА ЦРЊА,Промена личних података,1,0,0,1
НОВА ЦРЊА,Упис по основу пријаве пребивалишта,5,0,3,8
НОВА ЦРЊА,Упис по основу стицања пунолетства,4,2,1,7
НОВИ БЕЧЕЈ,Брисање по основу одјаве пребивалишта,5,14,5,24
НОВИ БЕЧЕЈ,Брисање по основу смрти лица,5,5,3,13
НОВИ БЕЧЕЈ,Промена адресе пребивалишта,3,3,8,14
НОВИ БЕЧЕЈ,Промена личних података,1,3,2,6
НОВИ БЕЧЕЈ,Упис по основу пријаве пребивалишта,4,2,1,7
НОВИ БЕЧЕЈ,Упис по основу стицања пунолетства,6,2,5,13
НОВИ КНЕЖЕВАЦ,Брисање по основу одјаве пребивалишта,3,1,3,7
НОВИ КНЕЖЕВАЦ,Брисање по основу смрти лица,2,5,6,13
НОВИ КНЕЖЕВАЦ,Промена адресе пребивалишта,1,9,2,12
НОВИ КНЕЖЕВАЦ,Промена личних података,0,1,1,2
НОВИ КНЕЖЕВАЦ,Упис по основу пријаве пребивалишта,5,2,0,7
НОВИ КНЕЖЕВАЦ,Упис по основу стицања пунолетства,5,0,1,6
НОВИ ПАЗАР - ГРАД,Брисање боравишта интерно расељеног лица,0,1,0,1
НОВИ ПАЗАР - ГРАД,Брисање по основу одјаве пребивалишта,5,9,20,34
НОВИ ПАЗАР - ГРАД,Брисање по основу отпуста из држављанства,0,0,1,1
НОВИ ПАЗАР - ГРАД,Брисање по основу смрти лица,12,14,7,33
НОВИ ПАЗАР - ГРАД,Исправка техничке грешке,0,1,1,2
НОВИ ПАЗАР - ГРАД,Промена адресе боравишта интерно расељеног лица,0,0,2,2
НОВИ ПАЗАР - ГРАД,Промена адресе пребивалишта,92,146,119,357
НОВИ ПАЗАР - ГРАД,Промена личних података,10,9,12,31
НОВИ ПАЗАР - ГРАД,Упис по основу пријаве боравишта интерно расељеног лица,0,0,1,1
НОВИ ПАЗАР - ГРАД,Упис по основу пријаве пребивалишта,1,1,2,4
НОВИ ПАЗАР - ГРАД,Упис по основу пријема у држављанство,0,3,7,10
НОВИ ПАЗАР - ГРАД,Упис по основу стицања пунолетства,38,36,28,102
НОВИ САД - ГРАД,Брисање по основу одјаве пребивалишта,75,100,97,272
НОВИ САД - ГРАД,Брисање по основу отпуста из држављанства,3,0,1,4
НОВИ САД - ГРАД,Брисање по основу смрти лица,63,84,118,265
НОВИ САД - ГРАД,Брисање по службеној дужности,51,25,61,137
НОВИ САД - ГРАД,Исправка техничке грешке,2,0,1,3
НОВИ САД - ГРАД,Промена адресе пребивалишта,164,201,164,529
НОВИ САД - ГРАД,Промена личних података,23,44,34,101
НОВИ САД - ГРАД,Упис по основу пријаве пребивалишта,120,94,219,433
НОВИ САД - ГРАД,Упис по основу пријема у држављанство,0,2,1,3
НОВИ САД - ГРАД,Упис по основу стицања пунолетства,75,71,81,227
НОВО БРДО,Брисање по основу одјаве пребивалишта,0,2,1,3
НОВО БРДО,Брисање по основу смрти лица,3,0,0,3
НОВО БРДО,Упис по основу стицања пунолетства,10,0,1,11
ОЏАЦИ,Брисање по основу одјаве пребивалишта,2,10,16,28
ОЏАЦИ,Брисање по основу смрти лица,9,1,11,21
ОЏАЦИ,Промена адресе пребивалишта,0,0,7,7
ОЏАЦИ,Промена личних података,0,0,7,7
ОЏАЦИ,Упис по основу пријаве пребивалишта,0,0,29,29
ОЏАЦИ,Упис по основу стицања пунолетства,0,0,4,4
ОБИЛИЋ,Брисање по основу одјаве пребивалишта,0,2,2,4
ОБИЛИЋ,Брисање по основу смрти лица,7,0,1,8
ОБИЛИЋ,Упис по основу пријаве пребивалишта,0,0,1,1
ОПОВО,Брисање по основу одјаве пребивалишта,1,3,3,7
ОПОВО,Брисање по основу отпуста из држављанства,0,8,0,8
ОПОВО,Брисање по основу смрти лица,5,4,2,11
ОПОВО,Промена адресе пребивалишта,2,3,0,5
ОПОВО,Упис по основу пријаве пребивалишта,0,9,1,10
ОПОВО,Упис по основу стицања пунолетства,4,3,0,7
ОРАХОВАЦ,Брисање по основу одјаве пребивалишта,3,1,1,5
ОРАХОВАЦ,Брисање по основу смрти лица,0,0,1,1
ОРАХОВАЦ,Упис по основу стицања пунолетства,0,0,1,1
ОСЕЧИНА,Брисање по основу одјаве пребивалишта,2,3,2,7
ОСЕЧИНА,Брисање по основу смрти лица,3,1,9,13
ОСЕЧИНА,Промена адресе пребивалишта,0,1,0,1
ОСЕЧИНА,Промена личних података,1,1,0,2
ОСЕЧИНА,Упис по основу пријаве пребивалишта,6,2,1,9
ОСЕЧИНА,Упис по основу стицања пунолетства,2,3,1,6
ПАНЧЕВО - ГРАД,Брисање боравишта интерно расељеног лица,0,1,1,2
ПАНЧЕВО - ГРАД,Брисање по основу одјаве пребивалишта,18,33,33,84
ПАНЧЕВО - ГРАД,Брисање по основу смрти лица,28,32,34,94
ПАНЧЕВО - ГРАД,Брисање по службеној дужности,5,12,7,24
ПАНЧЕВО - ГРАД,Промена адресе пребивалишта,39,43,45,127
ПАНЧЕВО - ГРАД,Промена личних података,15,14,20,49
ПАНЧЕВО - ГРАД,Упис по основу пријаве пребивалишта,31,55,33,119
ПАНЧЕВО - ГРАД,Упис по основу пријема у држављанство,0,1,0,1
ПАНЧЕВО - ГРАД,Упис по основу стицања пунолетства,15,21,27,63
ПАРАЋИН,Брисање боравишта интерно расељеног лица,0,2,1,3
ПАРАЋИН,Брисање по основу одјаве пребивалишта,6,11,15,32
ПАРАЋИН,Брисање по основу отпуста из држављанства,0,1,0,1
ПАРАЋИН,Брисање по основу смрти лица,24,18,11,53
ПАРАЋИН,Брисање по службеној дужности,0,0,2,2
ПАРАЋИН,Промена адресе пребивалишта,67,162,99,328
ПАРАЋИН,Промена личних података,5,3,3,11
ПАРАЋИН,Упис по основу пријаве пребивалишта,17,10,16,43
ПАРАЋИН,Упис по основу пријема у држављанство,0,1,0,1
ПАРАЋИН,Упис по основу стицања пунолетства,8,16,15,39
ПЕЋ,Брисање по основу одјаве пребивалишта,1,7,4,12
ПЕЋИНЦИ,Брисање по основу одјаве пребивалишта,3,11,7,21
ПЕЋИНЦИ,Брисање по основу смрти лица,4,10,1,15
ПЕЋИНЦИ,Брисање по службеној дужности,2,0,0,2
ПЕЋИНЦИ,Промена адресе пребивалишта,2,7,6,15
ПЕЋИНЦИ,Промена личних података,1,2,1,4
ПЕЋИНЦИ,Упис по основу пријаве пребивалишта,7,10,10,27
ПЕЋИНЦИ,Упис по основу стицања пунолетства,2,5,2,9
ПЕТРОВАЦ НА МЛАВИ,Брисање по основу одјаве пребивалишта,6,9,7,22
ПЕТРОВАЦ НА МЛАВИ,Брисање по основу смрти лица,15,9,8,32
ПЕТРОВАЦ НА МЛАВИ,Брисање по службеној дужности,0,2,14,16
ПЕТРОВАЦ НА МЛАВИ,Потврда о упису у бирачки списак,0,1,0,1
ПЕТРОВАЦ НА МЛАВИ,Промена адресе пребивалишта,28,48,39,115
ПЕТРОВАЦ НА МЛАВИ,Промена личних података,1,1,3,5
ПЕТРОВАЦ НА МЛАВИ,Упис по основу пријаве пребивалишта,5,22,2,29
ПЕТРОВАЦ НА МЛАВИ,Упис по основу стицања пунолетства,6,12,6,24
ПИРОТ - ГРАД,Брисање по основу одјаве пребивалишта,3,4,12,19
ПИРОТ - ГРАД,Брисање по основу смрти лица,9,20,14,43
ПИРОТ - ГРАД,Исправка техничке грешке,0,0,1,1
ПИРОТ - ГРАД,Промена адресе пребивалишта,15,13,15,43
ПИРОТ - ГРАД,Промена личних података,2,2,2,6
ПИРОТ - ГРАД,Упис по основу пријаве пребивалишта,2,3,7,12
ПИРОТ - ГРАД,Упис по основу стицања пунолетства,8,6,11,25
ПЛАНДИШТЕ,Брисање по основу одјаве пребивалишта,2,1,4,7
ПЛАНДИШТЕ,Брисање по основу смрти лица,1,3,3,7
ПЛАНДИШТЕ,Промена адресе пребивалишта,0,3,2,5
ПЛАНДИШТЕ,Промена личних података,0,1,0,1
ПЛАНДИШТЕ,Упис по основу пријаве пребивалишта,2,2,3,7
ПЛАНДИШТЕ,Упис по основу стицања пунолетства,1,0,1,2
ПОЖАРЕВАЦ,Брисање боравишта интерно расељеног лица,0,3,0,3
ПОЖАРЕВАЦ,Брисање по основу одјаве пребивалишта,13,20,18,51
ПОЖАРЕВАЦ,Брисање по основу смрти лица,13,23,11,47
ПОЖАРЕВАЦ,Брисање по службеној дужности,1,5,15,21
ПОЖАРЕВАЦ,Исправка техничке грешке,0,0,1,1
ПОЖАРЕВАЦ,Промена адресе пребивалишта,127,101,39,267
ПОЖАРЕВАЦ,Промена личних података,14,5,7,26
ПОЖАРЕВАЦ,Упис по основу пријаве боравишта интерно расељеног лица,0,0,1,1
ПОЖАРЕВАЦ,Упис по основу пријаве пребивалишта,20,29,13,62
ПОЖАРЕВАЦ,Упис по основу стицања пунолетства,12,11,10,33
ПОЖАРЕВАЦ-КОСТОЛАЦ,Брисање по основу одјаве пребивалишта,5,7,2,14
ПОЖАРЕВАЦ-КОСТОЛАЦ,Брисање по основу смрти лица,2,3,4,9
ПОЖАРЕВАЦ-КОСТОЛАЦ,Брисање по службеној дужности,0,0,2,2
ПОЖАРЕВАЦ-КОСТОЛАЦ,Промена адресе пребивалишта,22,5,7,34
ПОЖАРЕВАЦ-КОСТОЛАЦ,Промена личних података,3,1,1,5
ПОЖАРЕВАЦ-КОСТОЛАЦ,Упис по основу пријаве пребивалишта,1,6,4,11
ПОЖАРЕВАЦ-КОСТОЛАЦ,Упис по основу стицања пунолетства,1,4,3,8
ПОЖЕГА,Брисање по основу одјаве пребивалишта,2,8,8,18
ПОЖЕГА,Брисање по основу смрти лица,6,16,10,32
ПОЖЕГА,Брисање по службеној дужности,1,0,0,1
ПОЖЕГА,Промена адресе пребивалишта,23,61,26,110
ПОЖЕГА,Промена личних података,3,0,0,3
ПОЖЕГА,Упис по основу пријаве пребивалишта,6,7,6,19
ПОЖЕГА,Упис по основу стицања пунолетства,4,4,5,13
ПРЕШЕВО,Брисање по основу одјаве пребивалишта,5,4,6,15
ПРЕШЕВО,Брисање по основу смрти лица,3,5,6,14
ПРЕШЕВО,Брисање по службеној дужности,0,3,24,27
ПРЕШЕВО,Исправка техничке грешке,3,0,2,5
ПРЕШЕВО,Промена адресе пребивалишта,57,85,73,215
ПРЕШЕВО,Промена личних података,2,2,3,7
ПРЕШЕВО,Упис по основу пријаве пребивалишта,4,6,6,16
ПРЕШЕВО,Упис по основу стицања пунолетства,19,11,20,50
ПРИЈЕПОЉЕ,Брисање по основу одјаве пребивалишта,3,9,6,18
ПРИЈЕПОЉЕ,Брисање по основу отпуста из држављанства,0,2,1,3
ПРИЈЕПОЉЕ,Брисање по основу смрти лица,5,10,4,19
ПРИЈЕПОЉЕ,Промена адресе пребивалишта,99,19,16,134
ПРИЈЕПОЉЕ,Промена личних података,3,2,0,5
ПРИЈЕПОЉЕ,Упис по основу пријаве пребивалишта,8,7,9,24
ПРИЈЕПОЉЕ,Упис по основу стицања пунолетства,5,8,4,17
ПРИБОЈ,Брисање по основу одјаве пребивалишта,6,14,4,24
ПРИБОЈ,Брисање по основу отпуста из држављанства,0,0,5,5
ПРИБОЈ,Брисање по основу смрти лица,9,13,11,33
ПРИБОЈ,Промена адресе пребивалишта,4,9,4,17
ПРИБОЈ,Промена личних података,0,4,0,4
ПРИБОЈ,Упис по основу пријаве пребивалишта,0,7,0,7
ПРИБОЈ,Упис по основу стицања пунолетства,4,2,7,13
ПРИЗРЕН,Брисање по основу одјаве пребивалишта,2,3,1,6
ПРИЗРЕН,Промена адресе пребивалишта,0,1,0,1
ПРИЗРЕН,Промена личних података,0,1,0,1
ПРИЗРЕН,Упис по основу пријаве пребивалишта,6,1,1,8
ПРИЗРЕН,Упис по основу стицања пунолетства,5,3,0,8
ПРИШТИНА - ГРАД,Брисање по основу одјаве пребивалишта,2,14,6,22
ПРИШТИНА - ГРАД,Брисање по основу смрти лица,0,1,4,5
ПРИШТИНА - ГРАД,Упис по основу пријаве пребивалишта,1,0,0,1
ПРИШТИНА - ГРАД,Упис по основу стицања пунолетства,3,2,2,7
ПРОКУПЉЕ - ГРАД,Брисање по основу одјаве пребивалишта,4,12,10,26
ПРОКУПЉЕ - ГРАД,Брисање по основу смрти лица,13,17,10,40
ПРОКУПЉЕ - ГРАД,Брисање по службеној дужности,1,0,0,1
ПРОКУПЉЕ - ГРАД,Промена адресе пребивалишта,16,0,0,16
ПРОКУПЉЕ - ГРАД,Промена личних података,3,0,0,3
ПРОКУПЉЕ - ГРАД,Упис по основу пријаве пребивалишта,5,0,0,5
ПРОКУПЉЕ - ГРАД,Упис по основу стицања пунолетства,8,0,0,8
РАЖАЊ,Брисање по основу одјаве пребивалишта,3,3,2,8
РАЖАЊ,Брисање по основу смрти лица,3,3,0,6
РАЖАЊ,Промена адресе пребивалишта,9,17,9,35
РАЖАЊ,Промена личних података,0,0,1,1
РАЖАЊ,Упис по основу пријаве пребивалишта,1,0,1,2
РАЖАЊ,Упис по основу стицања пунолетства,1,4,0,5
РАЧА,Брисање по основу одјаве пребивалишта,4,5,4,13
РАЧА,Брисање по основу отпуста из држављанства,0,1,1,2
РАЧА,Брисање по основу смрти лица,0,3,2,5
РАЧА,Промена адресе пребивалишта,6,21,13,40
РАЧА,Упис по основу пријаве пребивалишта,9,3,1,13
РАЧА,Упис по основу стицања пунолетства,0,3,1,4
РАШКА,Брисање по основу одјаве пребивалишта,11,12,8,31
РАШКА,Брисање по основу смрти лица,3,7,2,12
РАШКА,Брисање по службеној дужности,0,0,1,1
РАШКА,Промена адресе пребивалишта,11,13,18,42
РАШКА,Промена личних података,2,3,2,7
РАШКА,Упис по основу пријаве пребивалишта,0,0,2,2
РАШКА,Упис по основу стицања пунолетства,0,28,0,28
РЕКОВАЦ,Брисање по основу одјаве пребивалишта,5,1,2,8
РЕКОВАЦ,Брисање по основу смрти лица,1,8,2,11
РЕКОВАЦ,Промена адресе пребивалишта,17,40,36,93
РЕКОВАЦ,Промена личних података,2,3,2,7
РЕКОВАЦ,Упис по основу пријаве пребивалишта,5,2,4,11
РЕКОВАЦ,Упис по основу стицања пунолетства,4,1,0,5
РУМА,Брисање по основу губитка пословне способности,5,0,0,5
РУМА,Брисање по основу одјаве пребивалишта,1,13,8,22
РУМА,Брисање по основу смрти лица,12,12,16,40
РУМА,Брисање по службеној дужности,1,0,17,18
РУМА,Промена адресе пребивалишта,22,3,39,64
РУМА,Промена личних података,3,2,4,9
РУМА,Упис по основу пријаве пребивалишта,8,4,38,50
РУМА,Упис по основу пријема у држављанство,1,0,0,1
РУМА,Упис по основу стицања пунолетства,5,5,14,24
СЈЕНИЦА,Брисање по основу одјаве пребивалишта,1,1,1,3
СЈЕНИЦА,Брисање по основу смрти лица,5,5,7,17
СЈЕНИЦА,Промена адресе пребивалишта,57,97,52,206
СЈЕНИЦА,Промена личних података,3,2,2,7
СЈЕНИЦА,Упис по основу стицања пунолетства,7,8,11,26
СВИЛАЈНАЦ,Брисање по основу губитка пословне способности,0,1,0,1
СВИЛАЈНАЦ,Брисање по основу одјаве пребивалишта,8,10,4,22
СВИЛАЈНАЦ,Брисање по основу отпуста из држављанства,0,1,2,3
СВИЛАЈНАЦ,Брисање по основу смрти лица,6,6,8,20
СВИЛАЈНАЦ,Исправка техничке грешке,0,1,0,1
СВИЛАЈНАЦ,Промена адресе пребивалишта,10,28,19,57
СВИЛАЈНАЦ,Промена личних података,1,0,1,2
СВИЛАЈНАЦ,Упис по основу пријаве пребивалишта,4,11,4,19
СВИЛАЈНАЦ,Упис по основу стицања пунолетства,11,7,5,23
СВРЉИГ,Брисање по основу одјаве пребивалишта,3,6,5,14
СВРЉИГ,Брисање по основу смрти лица,3,7,1,11
СВРЉИГ,Промена адресе пребивалишта,13,24,20,57
СВРЉИГ,Упис по основу пријаве пребивалишта,3,0,0,3
СВРЉИГ,Упис по основу стицања пунолетства,3,0,0,3
СЕНТА,Брисање по основу одјаве пребивалишта,4,1,4,9
СЕНТА,Брисање по основу отпуста из држављанства,0,0,3,3
СЕНТА,Брисање по основу смрти лица,7,7,4,18
СЕНТА,Промена адресе пребивалишта,4,8,1,13
СЕНТА,Промена личних података,2,0,0,2
СЕНТА,Упис по основу пријаве пребивалишта,2,1,7,10
СЕНТА,Упис по основу стицања пунолетства,3,6,2,11
СЕЧАЊ,Брисање по основу одјаве пребивалишта,2,5,5,12
СЕЧАЊ,Брисање по основу смрти лица,2,4,2,8
СЕЧАЊ,Промена адресе пребивалишта,3,0,0,3
СЕЧАЊ,Упис по основу пријаве пребивалишта,1,0,0,1
СЕЧАЊ,Упис по основу стицања пунолетства,1,0,0,1
СМЕДЕРЕВО - ГРАД,Брисање боравишта интерно расељеног лица,2,2,2,6
СМЕДЕРЕВО - ГРАД,Брисање по основу губитка пословне способности,0,0,1,1
СМЕДЕРЕВО - ГРАД,Брисање по основу дуплог уписа,0,1,0,1
СМЕДЕРЕВО - ГРАД,Брисање по основу одјаве пребивалишта,15,32,23,70
СМЕДЕРЕВО - ГРАД,Брисање по основу отпуста из држављанства,0,5,4,9
СМЕДЕРЕВО - ГРАД,Брисање по основу смрти лица,35,35,20,90
СМЕДЕРЕВО - ГРАД,Брисање по службеној дужности,5,1,3,9
СМЕДЕРЕВО - ГРАД,Промена адресе боравишта интерно расељеног лица,0,1,2,3
СМЕДЕРЕВО - ГРАД,Промена адресе пребивалишта,23,64,302,389
СМЕДЕРЕВО - ГРАД,Промена личних података,6,28,24,58
СМЕДЕРЕВО - ГРАД,Упис по основу пријаве боравишта интерно расељеног лица,0,1,3,4
СМЕДЕРЕВО - ГРАД,Упис по основу пријаве пребивалишта,21,27,18,66
СМЕДЕРЕВО - ГРАД,Упис по основу пријема у држављанство,0,1,2,3
СМЕДЕРЕВО - ГРАД,Упис по основу стицања пунолетства,19,20,27,66
СМЕДЕРЕВСКА ПАЛАНКА,Брисање боравишта интерно расељеног лица,0,3,0,3
СМЕДЕРЕВСКА ПАЛАНКА,Брисање по основу губитка пословне способности,0,5,6,11
СМЕДЕРЕВСКА ПАЛАНКА,Брисање по основу одјаве пребивалишта,14,16,7,37
СМЕДЕРЕВСКА ПАЛАНКА,Брисање по основу смрти лица,29,20,16,65
СМЕДЕРЕВСКА ПАЛАНКА,Брисање по службеној дужности,0,10,0,10
СМЕДЕРЕВСКА ПАЛАНКА,Потврда о упису у бирачки списак,0,2,0,2
СМЕДЕРЕВСКА ПАЛАНКА,Промена адресе пребивалишта,61,83,40,184
СМЕДЕРЕВСКА ПАЛАНКА,Промена личних података,3,3,5,11
СМЕДЕРЕВСКА ПАЛАНКА,Упис по основу пријаве боравишта интерно расељеног лица,1,0,0,1
СМЕДЕРЕВСКА ПАЛАНКА,Упис по основу пријаве пребивалишта,9,31,1,41
СМЕДЕРЕВСКА ПАЛАНКА,Упис по основу стицања пунолетства,10,23,33,66
СОКОБАЊА,Брисање по основу одјаве пребивалишта,3,1,5,9
СОКОБАЊА,Брисање по основу смрти лица,2,6,5,13
СОКОБАЊА,Брисање по службеној дужности,0,0,3,3
СОКОБАЊА,Промена адресе пребивалишта,0,6,2,8
СОКОБАЊА,Промена личних података,0,1,2,3
СОКОБАЊА,Упис по основу пријаве пребивалишта,0,5,7,12
СОКОБАЊА,Упис по основу пријема у држављанство,1,0,0,1
СОКОБАЊА,Упис по основу стицања пунолетства,0,2,0,2
СОМБОР - ГРАД,Брисање по основу одјаве пребивалишта,12,11,16,39
СОМБОР - ГРАД,Брисање по основу смрти лица,21,21,23,65
СОМБОР - ГРАД,Брисање по службеној дужности,4,0,9,13
СОМБОР - ГРАД,Промена адресе пребивалишта,20,21,31,72
СОМБОР - ГРАД,Промена личних података,4,5,9,18
СОМБОР - ГРАД,Упис по основу пријаве пребивалишта,18,14,11,43
СОМБОР - ГРАД,Упис по основу пријема у држављанство,0,0,1,1
СОМБОР - ГРАД,Упис по основу стицања пунолетства,10,15,20,45
СРБИЦА,Брисање по основу одјаве пребивалишта,1,0,0,1
СРБИЦА,Брисање по основу смрти лица,0,0,1,1
СРБОБРАН,Брисање по основу одјаве пребивалишта,6,4,7,17
СРБОБРАН,Брисање по основу смрти лица,3,4,2,9
СРБОБРАН,Брисање по службеној дужности,4,0,0,4
СРБОБРАН,Промена адресе пребивалишта,2,6,3,11
СРБОБРАН,Промена личних података,1,2,3,6
СРБОБРАН,Упис по основу пријаве пребивалишта,3,0,5,8
СРБОБРАН,Упис по основу стицања пунолетства,2,2,1,5
СРЕМСКА МИТРОВИЦА - ГРАД,Брисање по основу одјаве пребивалишта,10,7,20,37
СРЕМСКА МИТРОВИЦА - ГРАД,Брисање по основу смрти лица,18,25,13,56
СРЕМСКА МИТРОВИЦА - ГРАД,Брисање по службеној дужности,0,16,18,34
СРЕМСКА МИТРОВИЦА - ГРАД,Промена адресе пребивалишта,27,43,25,95
СРЕМСКА МИТРОВИЦА - ГРАД,Промена личних података,7,10,7,24
СРЕМСКА МИТРОВИЦА - ГРАД,Упис по основу пријаве пребивалишта,16,12,11,39
СРЕМСКА МИТРОВИЦА - ГРАД,Упис по основу стицања пунолетства,16,9,14,39
СРЕМСКИ КАРЛОВЦИ,Брисање по основу одјаве пребивалишта,2,1,5,8
СРЕМСКИ КАРЛОВЦИ,Брисање по основу смрти лица,0,2,2,4
СРЕМСКИ КАРЛОВЦИ,Брисање по службеној дужности,2,8,0,10
СРЕМСКИ КАРЛОВЦИ,Промена адресе пребивалишта,8,13,2,23
СРЕМСКИ КАРЛОВЦИ,Промена личних података,2,3,0,5
СРЕМСКИ КАРЛОВЦИ,Упис по основу пријаве боравишта интерно расељеног лица,0,1,0,1
СРЕМСКИ КАРЛОВЦИ,Упис по основу пријаве пребивалишта,2,30,9,41
СРЕМСКИ КАРЛОВЦИ,Упис по основу стицања пунолетства,0,2,1,3
СТАРА ПАЗОВА,Брисање по основу одјаве пребивалишта,9,20,5,34
СТАРА ПАЗОВА,Брисање по основу смрти лица,12,11,8,31
СТАРА ПАЗОВА,Исправка техничке грешке,0,0,1,1
СТАРА ПАЗОВА,Промена адресе пребивалишта,26,7,74,107
СТАРА ПАЗОВА,Промена личних података,7,6,11,24
СТАРА ПАЗОВА,Упис по основу пријаве пребивалишта,29,20,34,83
СТАРА ПАЗОВА,Упис по основу стицања пунолетства,8,12,14,34
СУБОТИЦА - ГРАД,Брисање по основу губитка пословне способности,0,0,1,1
СУБОТИЦА - ГРАД,Брисање по основу одјаве пребивалишта,21,15,24,60
СУБОТИЦА - ГРАД,Брисање по основу смрти лица,30,37,31,98
СУБОТИЦА - ГРАД,Брисање по службеној дужности,0,0,1,1
СУБОТИЦА - ГРАД,Исправка техничке грешке,0,0,1,1
СУБОТИЦА - ГРАД,Промена адресе пребивалишта,43,59,153,255
СУБОТИЦА - ГРАД,Промена личних података,98,59,173,330
СУБОТИЦА - ГРАД,Упис по основу пријаве пребивалишта,18,3,65,86
СУБОТИЦА - ГРАД,Упис по основу стицања пунолетства,72,32,24,128
СУРДУЛИЦА,Брисање боравишта интерно расељеног лица,7,0,0,7
СУРДУЛИЦА,Брисање по основу одјаве пребивалишта,4,4,4,12
СУРДУЛИЦА,Брисање по основу смрти лица,3,7,9,19
СУРДУЛИЦА,Промена адресе боравишта интерно расељеног лица,2,0,0,2
СУРДУЛИЦА,Промена адресе пребивалишта,40,78,82,200
СУРДУЛИЦА,Промена личних података,3,1,0,4
СУРДУЛИЦА,Упис по основу пријаве боравишта интерно расељеног лица,0,0,2,2
СУРДУЛИЦА,Упис по основу пријаве пребивалишта,4,5,2,11
СУРДУЛИЦА,Упис по основу стицања пунолетства,5,2,3,10
ТЕМЕРИН,Брисање по основу одјаве пребивалишта,6,5,14,25
ТЕМЕРИН,Брисање по основу смрти лица,9,4,6,19
ТЕМЕРИН,Брисање по службеној дужности,0,3,12,15
ТЕМЕРИН,Промена адресе пребивалишта,5,2,2,9
ТЕМЕРИН,Промена личних података,1,3,4,8
ТЕМЕРИН,Упис по основу пријаве пребивалишта,13,9,8,30
ТЕМЕРИН,Упис по основу стицања пунолетства,4,4,10,18
ТИТЕЛ,Брисање по основу одјаве пребивалишта,2,3,4,9
ТИТЕЛ,Брисање по основу смрти лица,4,3,6,13
ТИТЕЛ,Промена адресе пребивалишта,3,2,3,8
ТИТЕЛ,Промена личних података,0,3,1,4
ТИТЕЛ,Упис по основу пријаве пребивалишта,7,8,2,17
ТИТЕЛ,Упис по основу стицања пунолетства,2,1,5,8
ТОПОЛА,Брисање боравишта интерно расељеног лица,1,0,0,1
ТОПОЛА,Брисање по основу одјаве пребивалишта,1,5,8,14
ТОПОЛА,Брисање по основу смрти лица,5,6,7,18
ТОПОЛА,Промена адресе пребивалишта,2,0,0,2
ТОПОЛА,Промена личних података,6,1,0,7
ТОПОЛА,Упис по основу пријаве пребивалишта,10,9,0,19
ТОПОЛА,Упис по основу стицања пунолетства,0,5,0,5
ТРГОВИШТЕ,Брисање по основу одјаве пребивалишта,2,3,5,10
ТРГОВИШТЕ,Брисање по основу смрти лица,2,3,3,8
ТРГОВИШТЕ,Промена адресе пребивалишта,14,7,17,38
ТРГОВИШТЕ,Промена личних података,1,0,0,1
ТРГОВИШТЕ,Упис по основу пријаве пребивалишта,1,0,3,4
ТРГОВИШТЕ,Упис по основу стицања пунолетства,1,0,1,2
ТРСТЕНИК,Брисање по основу одјаве пребивалишта,7,12,7,26
ТРСТЕНИК,Брисање по основу смрти лица,14,15,10,39
ТРСТЕНИК,Брисање по службеној дужности,0,0,7,7
ТРСТЕНИК,Промена адресе пребивалишта,1,9,10,20
ТРСТЕНИК,Промена личних података,2,0,1,3
ТРСТЕНИК,Упис по основу пријаве пребивалишта,12,4,9,25
ТРСТЕНИК,Упис по основу стицања пунолетства,8,5,8,21
ТУТИН,Брисање по основу одјаве пребивалишта,0,0,1,1
ТУТИН,Брисање по основу смрти лица,3,0,8,11
ТУТИН,Промена адресе пребивалишта,92,0,197,289
ТУТИН,Промена личних података,3,0,8,11
ТУТИН,Упис по основу пријаве пребивалишта,0,0,3,3
ТУТИН,Упис по основу стицања пунолетства,9,0,21,30
УБ,Брисање по основу одјаве пребивалишта,8,5,10,23
УБ,Брисање по основу смрти лица,6,1,12,19
УБ,Промена адресе пребивалишта,7,9,11,27
УБ,Промена личних података,1,2,4,7
УБ,Упис по основу пријаве пребивалишта,0,1,8,9
УБ,Упис по основу стицања пунолетства,6,4,3,13
УЖИЦЕ - ГРАД,Брисање по основу одјаве пребивалишта,14,20,27,61
УЖИЦЕ - ГРАД,Брисање по основу смрти лица,3,24,16,43
УЖИЦЕ - ГРАД,Брисање по службеној дужности,0,0,1,1
УЖИЦЕ - ГРАД,Исправка техничке грешке,0,0,2,2
УЖИЦЕ - ГРАД,Промена адресе пребивалишта,59,91,66,216
УЖИЦЕ - ГРАД,Промена личних података,3,9,3,15
УЖИЦЕ - ГРАД,Упис по основу пријаве пребивалишта,10,7,16,33
УЖИЦЕ - ГРАД,Упис по основу стицања пунолетства,11,16,12,39
УЖИЦЕ-СЕВОЈНО,Брисање по основу одјаве пребивалишта,1,3,2,6
УЖИЦЕ-СЕВОЈНО,Брисање по основу смрти лица,1,2,0,3
УЖИЦЕ-СЕВОЈНО,Брисање по службеној дужности,1,0,0,1
УЖИЦЕ-СЕВОЈНО,Промена адресе пребивалишта,2,5,8,15
УЖИЦЕ-СЕВОЈНО,Промена личних података,0,0,1,1
УЖИЦЕ-СЕВОЈНО,Упис по основу пријаве пребивалишта,2,4,8,14
УРОШЕВАЦ,Брисање по основу одјаве пребивалишта,4,4,4,12
ЦРНА ТРАВА,Брисање по основу одјаве пребивалишта,1,0,0,1
ЦРНА ТРАВА,Брисање по основу смрти лица,1,0,0,1
ЦРНА ТРАВА,Промена адресе пребивалишта,3,6,5,14
ЦРНА ТРАВА,Упис по основу пријаве пребивалишта,0,0,1,1
ЧАЈЕТИНА,Брисање по основу одјаве пребивалишта,8,3,7,18
ЧАЈЕТИНА,Брисање по основу смрти лица,1,6,4,11
ЧАЈЕТИНА,Промена адресе пребивалишта,16,33,16,65
ЧАЈЕТИНА,Промена личних података,2,2,0,4
ЧАЈЕТИНА,Упис по основу пријаве пребивалишта,1,28,6,35
ЧАЈЕТИНА,Упис по основу пријема у држављанство,0,0,3,3
ЧАЈЕТИНА,Упис по основу стицања пунолетства,10,2,2,14
ЧАЧАК - ГРАД,Брисање боравишта интерно расељеног лица,1,3,0,4
ЧАЧАК - ГРАД,Брисање по основу одјаве пребивалишта,13,21,27,61
ЧАЧАК - ГРАД,Брисање по основу отпуста из држављанства,0,0,1,1
ЧАЧАК - ГРАД,Брисање по основу смрти лица,24,45,29,98
ЧАЧАК - ГРАД,Брисање по службеној дужности,0,3,1,4
ЧАЧАК - ГРАД,Исправка техничке грешке,2,0,2,4
ЧАЧАК - ГРАД,Промена адресе боравишта интерно расељеног лица,1,0,0,1
ЧАЧАК - ГРАД,Промена адресе пребивалишта,33,29,72,134
ЧАЧАК - ГРАД,Промена личних података,9,11,17,37
ЧАЧАК - ГРАД,Упис по основу пријаве боравишта интерно расељеног лица,2,1,0,3
ЧАЧАК - ГРАД,Упис по основу пријаве пребивалишта,21,24,46,91
ЧАЧАК - ГРАД,Упис по основу стицања пунолетства,30,12,20,62
ЧОКА,Брисање по основу одјаве пребивалишта,2,5,4,11
ЧОКА,Брисање по основу смрти лица,3,8,5,16
ЧОКА,Промена адресе пребивалишта,1,5,1,7
ЧОКА,Промена личних података,0,2,0,2
ЧОКА,Упис по основу пријаве пребивалишта,5,1,0,6
ЧОКА,Упис по основу стицања пунолетства,2,3,2,7
ШАБАЦ - ГРАД,Брисање по основу одјаве пребивалишта,21,22,29,72
ШАБАЦ - ГРАД,Брисање по основу отпуста из држављанства,0,7,21,28
ШАБАЦ - ГРАД,Брисање по основу смрти лица,35,23,30,88
ШАБАЦ - ГРАД,Промена адресе пребивалишта,140,79,56,275
ШАБАЦ - ГРАД,Промена личних података,8,13,6,27
ШАБАЦ - ГРАД,Упис по основу пријаве пребивалишта,30,18,41,89
ШАБАЦ - ГРАД,Упис по основу стицања пунолетства,17,16,16,49
ШИД,Брисање по основу губитка пословне способности,0,0,1,1
ШИД,Брисање по основу одјаве пребивалишта,7,4,11,22
ШИД,Брисање по основу смрти лица,4,21,0,25
ШИД,Брисање по службеној дужности,0,1,1,2
ШИД,Промена адресе пребивалишта,0,20,14,34
ШИД,Промена личних података,1,4,0,5
ШИД,Упис по основу пријаве пребивалишта,0,13,4,17
ШИД,Упис по основу стицања пунолетства,0,15,4,19
ШТРПЦЕ,Брисање боравишта интерно расељеног лица,0,1,0,1
ШТРПЦЕ,Брисање по основу одјаве пребивалишта,0,1,1,2
ШТРПЦЕ,Брисање по основу смрти лица,1,1,1,3
ШТРПЦЕ,Упис по основу пријаве пребивалишта,0,0,2,2
ШТРПЦЕ,Упис по основу стицања пунолетства,2,0,2,4
УКУПНО,,12342,16110,16878,45330
